{
	"meta-info":
	{
		"version":"190"
	},
	"w_main$ribbonbar":
	{
		"drawing":true,
		"normal-state":
		{
			"background-color":"#262626"
		},
		"disabled-state":
		{
			"background-color":"#262626"
		},
		"minimized-bottomline":
		{
			"normal-state":
			{
				"color":"#63636E"
			},
			"disabled-state":
			{
				"color":"#63636E"
			}
		},
		"applicationbutton":
		{
				"normal-state":
				{
						"border-color":"#1E6EE1",
						"background-color":"#1E6EE1",
						"text-font":{"color":"#FFFFFF"}
				},
				"hover-state":
				{
						"border-color":"#227DFF",
						"background-color":"#227DFF",
						"text-font":{"color":"#FFFFFF"}
				},
				"pressed-state":
				{
						"border-color":"#1758B3",
						"background-color":"#1758B3",
						"text-font":{"color":"#FFFFFF"}
				},
				"disabled-state":
				{
						"border-color":"#536580",
						"background-color":"#536580",
						"text-font":{"color":"#788CAA"}
				}
		},
		"category":
		{
			"content":
			{
				"active-state":
				{
					"border-color":"#63636E",
					"background-color":"#1A1A1A"
				},
				"disabled-state":
				{
					"border-color":"#63636E",
					"background-color":"#1A1A1A"
				}
			},
			"header":
			{
				"normal-state":
				{
					"border-color":"#63636E",
					"background-color":"#262626",
					"text-font":{"color":"#CCCCCC"}
				},
				"hover-state":
				{
					"border-color":"#2E2E2E",
					"background-color":"#1F1F1F",
					"text-font":{"color":"#CCCCCC"}
				},
				"pressed-state":
				{
					"border-color":"#333333",
					"background-color":"#1A1A1A",
					"text-font":{"color":"#1E6EE1"}
				},
				"active-state":
				{
					"border-color":"#63636E",
					"background-color":"#1A1A1A",
					"text-font":{"color":"#1E6EE1"}
				},
				"disabled-state":
				{	
					"border-color":"#262626",
					"background-color":"#262626",
					"text-font":{"color":"#4D4D4D"}
				}
			},
			"separator":
			{
				"active-state":
				{
					"color":"#63636E"
				},
				"disabled-state":
				{
					"color":"#63636E"
				}
			},
			"scrollbutton":
			{
				"normal-state":
				{
					"border-color":"#333333",
					"background-color":"#1F1F1F",
					"images":
					{
						"left-scroll-button":{"file":"left-scroll-button-normal.png"},
						"right-scroll-button":{"file":"right-scroll-button-normal.png"}
					}
				},
				"hover-state":
				{
					"border-color":"#292929",
					"background-color":"#1F1F1F",
					"images":
					{
						"left-scroll-button":{"file":"left-scroll-button-normal.png"},
						"right-scroll-button":{"file":"right-scroll-button-normal.png"}
					}
				},
				"pressed-state":
				{
					"border-color":"#333333",
					"background-color":"#262626",
					"images":
					{
						"left-scroll-button":{"file":"left-scroll-button-normal.png"},
						"right-scroll-button":{"file":"right-scroll-button-normal.png"}
					}
				},
				"disabled-state":
				{
					"border-color":"#1A1A1A",
					"background-color":"#1A1A1A",
					"images":
					{
						"left-scroll-button":{"file":"left-scroll-button-disabled.png"},
						"right-scroll-button":{"file":"right-scroll-button-disabled.png"}
					}
				}
			}
		},
		"panel":
		{
			"normal-state":
			{
				"border-color":"#333333",
				"background-color":"#1A1A1A",
				"text-font":{"color":"#808080"}
			},
			"disabled-state":
			{
				"border-color":"#333333",
				"background-color":"#1A1A1A",
				"text-font":{"color":"#4D4D4D"}
			},
			"button":
			{
				"normal-state":
				{
					"border-color":"#1A1A1A",
					"background-color":"#1A1A1A",
					"text-font":{"color":"#CCCCCC"},
					"arrow-image":{"file":"dropdown-arrow-normal.png"}
				},
				"hover-state":
				{
					"border-color":"#1E6EE1",
					"background-color":"#262626",
					"text-font":{"color":"#CCCCCC"},
					"arrow-image":{"file":"dropdown-arrow-normal.png"}
				},
				"pressed-state":
				{
					"border-color":"#1E6EE1",
					"background-color":"#121212",
					"text-font":{"color":"#CCCCCC"},
					"arrow-image":{"file":"dropdown-arrow-normal.png"}
				},
				"disabled-state":
				{
					"border-color":"#1A1A1A",
					"background-color":"#1A1A1A",
					"text-font":{"color":"#4D4D4D"},
					"arrow-image":{"file":"dropdown-arrow-disabled.png"}
				}
			}
		},
		"checkbox":
		{
			"normal-state":
			{
				"background-color":"#1A1A1A",
				"text-font":{"color":"#CCCCCC"},
				"box-images":
				{
					"unchecked":{"file":"checkbox-box-normal-unchecked.bmp"},
					"checked":{"file":"checkbox-box-normal-checked.bmp"},
					"indeterminate":{"file":"checkbox-box-normal-indeterminate.bmp"}
				}
			},
			"hover-state":
			{
				"background-color":"#1A1A1A",
				"text-font":{"color":"#CCCCCC"},
				"box-images":
				{
					"unchecked":{"file":"checkbox-box-hover-unchecked.bmp"},
					"checked":{"file":"checkbox-box-hover-checked.bmp"},
					"indeterminate":{"file":"checkbox-box-hover-indeterminate.bmp"}
				}
			},
			"pressed-state":
			{
				"background-color":"#1A1A1A",
				"text-font":{"color":"#CCCCCC"},
				"box-images":
				{
					"unchecked":{"file":"checkbox-box-pressed-unchecked.bmp"},
					"checked":{"file":"checkbox-box-pressed-checked.bmp"},
					"indeterminate":{"file":"checkbox-box-pressed-indeterminate.bmp"}	
				}
			},
			"disabled-state":
			{
				"background-color":"#1A1A1A",
				"text-font":{"color":"#4D4D4D"},
				"box-images":
				{
					"unchecked":{"file":"checkbox-box-disabled-unchecked.bmp"},
					"checked":{"file":"checkbox-box-disabled-checked.bmp"},
					"indeterminate":{"file":"checkbox-box-disabled-indeterminate.bmp"}
				}
			}
		},
		"combobox":
		{
			"normal-state":
			{
				"background-color":"#1A1A1A"
			},
			"disabled-state":
			{
				"background-color":"#1A1A1A"
			},
			"label":
			{
				"normal-state":
				{
					"text-font":{"color":"#CCCCCC"}
				},
				"disabled-state":
				{
					"text-font":{"color":"#4D4D4D"}
				}
			},
			"dropdownlist":
			{
				"normal-state":
				{
					"border-color":"#4D4D4D",
					"background-color":"#262626",
					"arrow-image":{"file":"dropdown-arrow-normal.png"}
				},
				"hover-state":
				{
					"border-color":"#1E6EE1",
					"background-color":"#404040",
					"arrow-image":{"file":"dropdown-arrow-normal.png"}
				},
				"pressed-state":
				{
					"border-color":"#1E6EE1",
					"background-color":"#1F1F1F",
					"arrow-image":{"file":"dropdown-arrow-normal.png"}
				},
				"focused-state":
				{
					"border-color":"#1E6EE1",
					"background-color":"#333333",
					"arrow-image":{"file":"dropdown-arrow-normal.png"}
				},
				"disabled-state":
				{
					"border-color":"#404040",
					"background-color":"#262626",
					"arrow-image":{"file":"dropdown-arrow-disabled.png"}
				},
				"edit":
				{
					"normal-state":
					{
						"background-color":"#262626",
						"text-font":{"color":"#CCCCCC"}
					},
					"hover-state":
					{
						"background-color":"#333333",
						"text-font":{"color":"#CCCCCC"}
					},
					"pressed-state":
					{
						"background-color":"#333333",
						"text-font":{"color":"#CCCCCC"}
					},
					"focused-state":
					{
						"background-color":"#333333",
						"text-font":{"color":"#CCCCCC"}
					},
					"disabled-state":
					{
						"background-color":"#262626",
						"text-font":{"color":"#4D4D4D"}
					}
				},
				"dropdown":
				{
					"border-color":"#666666",
					"normal-state":
					{
						"background-color":"#1A1A1A",
						"text-font":{"color":"#CCCCCC"}
					},
					"hover-state":
					{
						"background-color":"#333333",
						"text-font":{"color":"#CCCCCC"}
					},
					"disabled-state":
					{
						"background-color":"#1A1A1A",
						"text-font":{"color":"#4D4D4D"}
					}
				}
			}
		},
		"largebutton":
		{
			"normal-state":
			{
				"border-color":"#1A1A1A",
				"background-color":"#1A1A1A",
				"text-font":{"color":"#CCCCCC"},
				"arrow-image":{"file":"dropdown-arrow-normal.png"}
			},
			"hover-state":
			{
				"border-color":"#1E6EE1",
				"background-color":"#262626",
				"text-font":{"color":"#CCCCCC"},
				"arrow-image":{"file":"dropdown-arrow-normal.png"}
			},
			"checked-state":
			{
				"border-color":"#1E6EE1",
				"background-color":"#262626",
				"text-font":{"color":"#CCCCCC"},
				"arrow-image":{"file":"dropdown-arrow-normal.png"}
			},
			"pressed-state":
			{
				"border-color":"#1E6EE1",
				"background-color":"#121212",
				"text-font":{"color":"#CCCCCC"},
				"arrow-image":{"file":"dropdown-arrow-normal.png"}
			},
			"disabled-state":
			{
				"border-color":"#1A1A1A",
				"background-color":"#1A1A1A",
				"text-font":{"color":"#4D4D4D"},
				"arrow-image":{"file":"dropdown-arrow-disabled.png"}
			}
		},
		"menu":
		{
			"border-color":"#333333",
			"background-color":"#141414",
			"item":
			{
				"normal-state":
				{
					"border-color":"#141414",
					"background-color":"#141414",
					"text-font":{"color":"#CCCCCC"},
					"arrow-image":{"file":"right.png"}
				},
				"hover-state":
				{
					"border-color":"#404040",
					"background-color":"#262626",
					"text-font":{"color":"#CCCCCC"},
					"arrow-image":{"file":"right.png"}
				},
				"checked-state":
				{
					"border-color":"#1E6EE1",
					"background-color":"#121212"
				},
				"pressed-state":
				{
					"border-color":"#333333",
					"background-color":"#121212",
					"text-font":{"color":"#CCCCCC"},
					"arrow-image":{"file":"right.png"}
				},
				"disabled-state":
				{
					"border-color":"#141414",
					"background-color":"#141414",
					"text-font":{"color":"#4D4D4D"},
					"arrow-image":{"file":"right-disable.png"}
				}
			}
		},
		"smallbutton":
		{
			"normal-state":
			{
				"border-color":"#1A1A1A",
				"background-color":"#1A1A1A",
				"text-font":{"color":"#CCCCCC"},
				"arrow-image":{"file":"dropdown-arrow-normal.png"}
			},
			"hover-state":
			{
				"border-color":"#1E6EE1",
				"background-color":"#262626",
				"text-font":{"color":"#CCCCCC"},
				"arrow-image":{"file":"dropdown-arrow-normal.png"}
			},
			"checked-state":
			{
				"border-color":"#1E6EE1",
				"background-color":"#262626",
				"text-font":{"color":"#CCCCCC"},
				"arrow-image":{"file":"dropdown-arrow-normal.png"}
			},
			"pressed-state":
			{
				"border-color":"#1E6EE1",
				"background-color":"#121212",
				"text-font":{"color":"#CCCCCC"},
				"arrow-image":{"file":"dropdown-arrow-normal.png"}
			},
			"disabled-state":
			{
				"border-color":"#1A1A1A",
				"background-color":"#1A1A1A",
				"text-font":{"color":"#4D4D4D"},
				"arrow-image":{"file":"dropdown-arrow-disabled.png"}
			}
		},
		"tabbutton":
		{
			"normal-state":
			{
				"border-color":"#262626",
				"background-color":"#262626",
				"text-font":{"color":"#CCCCCC"},
				"arrow-image":{"file":"dropdown-arrow-normal.png"}
			},
			"hover-state":
			{
				"border-color":"#1E6EE1",
				"background-color":"#4D4D4D",
				"text-font":{"color":"#CCCCCC"},
				"arrow-image":{"file":"dropdown-arrow-normal.png"}
			},
			"checked-state":
			{
				"border-color":"#1E6EE1",
				"background-color":"#262626",
				"text-font":{"color":"#CCCCCC"},
				"arrow-image":{"file":"dropdown-arrow-normal.png"}
			},
			"pressed-state":
			{
				"border-color":"#1E6EE1",
				"background-color":"#121212",
				"text-font":{"color":"#CCCCCC"},
				"arrow-image":{"file":"dropdown-arrow-normal.png"}
			},
			"disabled-state":
			{
				"border-color":"#262626",
				"background-color":"#262626",
				"text-font":{"color":"#4D4D4D"},
				"arrow-image":{"file":"dropdown-arrow-disabled.png"}
			}
		},
		"tooltip":
		{
			"background-color":"#1A1A1A",
			"border-color":"#333333",
			"shadow-color":"#0D0D0D",
			"text-font":{"color":"#CCCCCC"}
		}
	}
}