{
	"meta-info": {
		"version": "190"
	},
	"w_sheet_customtheme": {
		"drawing": true,
		"background-color": "#F5F6FC",
		"title": {
			"active-state": {
				"background-color": "#F5F6FC",
				"text-font": {
					"color": "#3D5067"
				}
			},
			"inactive-state": {
				"background-color": "#F5F6FC",
				"text-font": {
					"color": "#3D5067"
				}
			}
		},
		"statusbar": {
			"background-color": "#C3C7CF",
			"text-font": {
				"color": "#3C465A"
			}
		},
		"border": {
			"margin": [
				1,
				30,
				1,
				1
			],
			"active-state": {
				"border-color": "#E9ECF9"
			},
			"inactive-state": {
				"border-color": "#E9ECF9"
			}
		}
	},
	"w_sheet_customtheme.uo_person": {
		"drawing": true,
		"default-style": true,
		"normal-state": {
			"background-color": "#F5F6FC",
			"border-color": "#F5F6FC"
		},
		"disabled-state": {
			"background-color": "#F5F6FC",
			"border-color": "#F5F6FC"
		}
	},
    "w_sheet_customtheme$commandbutton":{
		"drawing":true,
		"normal-state":
		{
			"border-color":"#286AFF",
			"background-color":"#286AFF",
			"text-font":{"color":"#FFFFFF"}
		},
		"hover-state":
		{
			"border-color":"#3D79FF",
			"background-color":"#3D79FF",
			"text-font":{"color":"#FFFFFF"}
		},
		"pressed-state":
		{
			"border-color":"#1D60F6",
			"background-color":"#1D60F6",
			"text-font":{"color":"#FFFFFF"}
		},
		"focused-state":
		{
			"border-color":"#3D79FF",
			"background-color":"#3D79FF",
			"text-font":{"color":"#FFFFFF"}
		},
		"default-state":
		{
			"border-color":"#286AFF",
			"background-color":"#286AFF",
			"text-font":{"color":"#FFFFFF"}
		},
		"disabled-state":
		{
			"border-color":"#7FA6FF",
			"background-color":"#7FA6FF",
			"text-font":{"color":"#AEC7FF"}
		}
	},
	"w_sheet_customtheme.uo_person.dw_browser": {
		"background-color-enabled": true,
		"background-color": "#FFFFFF",
		"grid-style": {
			"drawing": true,
			"head-band": {
                "background-color": "#E9ECF9",
                "dwo-text-font":{"color":"#3D5067"}
			},
			"detail-band": {
                "selected-row-text-color": "#3D5067",
                "selected-row-background-color": "#D4DAF5"
			},
            "grid-line": {
                "horizontal-line": true,
                "vertical-line": true,
                "line-color": "#E0E4E6"
            },
            "dwo-column":
			{
				"border":2,
				"border-color":"#404040",
				"background-color":"#262626",
				"text-font":{"color":"#3D5067"}
			}
		}
	},
	"w_sheet_customtheme.uo_person.cb_save": {
		"drawing": true,
		"normal-state": {
			"border-color": "#2CB469",
			"background-color": "#2CB469",
			"text-font": {
				"color": "#FFFFFF"
			}
		},
		"hover-state": {
			"border-color": "#41CB7F",
			"background-color": "#41CB7F",
			"text-font": {
				"color": "#FFFFFF"
			}
		},
		"pressed-state": {
			"border-color": "#21A45B",
			"background-color": "#21A45B",
			"text-font": {
				"color": "#FFFFFF"
			}
		}
	},
	"w_sheet_customtheme.uo_person.st_detail": {
		"drawing": true,
		"border": 0,
		"background-transparent": false,
		"normal-state": {
			"background-color": "#F5F6FC",
			"text-font": {
				"color": "#3D5067"
			}
		}
	},
	"w_sheet_customtheme.uo_person.uo_search": {
		"drawing": true,
		"default-style": true,
		"normal-state": {
			"background-color": "#F5F6FC",
			"border-color": "#E4E6F2"
		},
		"disabled-state": {
			"background-color": "#F5F6FC",
			"border-color": "#E4E6F2"
		}
	},
	"w_sheet_customtheme.uo_person.uo_search.sle_search": {
		"drawing": true,
		"normal-state": {
			"border-color": "#E4E6F2",
			"background-color": "#FFFFFF",
			"text-font": {
				"color": "#3D5067"
			}
		},
		"hover-state": {
			"border-color": "#666FE8",
			"background-color": "#FFFFFF",
			"text-font": {
				"color": "#3D5067"
			}
		},
		"focused-state": {
			"border-color": "#666FE8",
			"background-color": "#FFFFFF",
			"text-font": {
				"color": "#3D5067"
			}
		},
		"placeholder": {
			"text-font": {
				"color": "#9696AA"
			}
		}
	},
	"w_sheet_customtheme.uo_person.dw_detail": {
		"drawing": true,
		"background-color-enabled": true,
		"background-color": "#FFFFFF",
		"normal-state": {
			"border-color": "#E9ECF9"
		},
        "dwo-button": {
            "drawing": true,
            "normal-state": {
                "border-color": "#286AFF",
                "background-color": "#286AFF",
                "text-font": {
                    "color": "#FFFFFF"
                }
            },
            "hover-state": {
                "border-color": "#3D79FF",
                "background-color": "#3D79FF",
                "text-font": {
                    "color": "#FFFFFF"
                }
            },
            "pressed-state": {
                "border-color": "#1D60F6",
                "background-color": "#1D60F6",
                "text-font": {
                    "color": "#FFFFFF"
                }
            },
            "default-state": {
                "border-color": "#286AFF",
                "background-color": "#286AFF",
                "text-font": {
                    "color": "#FFFFFF"
                }
            },
            "disabled-state": {
                "border-color": "#7FA6FF",
                "background-color": "#7FA6FF",
                "text-font": {
                    "color": "#AEC7FF"
                }
            }
        },
        "dwo-column": 
		{
			"drawing": true,
			"border": 0,
			"border-color": "#E9ECF9",
			"background-color": "#FFFFFF",
			"text-font": {"color": "#3D5067"},
			"dropdown-type": 
			{
				"drawing": true,
				"selected-row-text-color": "#3C465A",
				"selected-row-background-color": "#B6BECD",
				"unselected-row-background-color": "#FFFFFF",
				"normal-state": 
				{
					"background-color": "#FFFFFF"
				},
				"hover-state": 
				{
					"background-color": "#FFFFFF"
				}
			}
		},
        "dwo-text": 
		{
			"drawing": true,
			"border": 2,
			"border-color": "#E7EBF2",
			"background-color": "#FFFFFF",
			"text-font": {"color": "#3D5067"}
		}
	},
	"w_sheet_customerwindow": {
		"drawing": true,
		"background-color": "#F4F7FA",
		"title": {
			"active-state": {
				"background-color": "#F4F7FA",
				"text-font": {
					"color": "#3D5067"
				}
			},
			"inactive-state": {
				"background-color": "#F4F7FA",
				"text-font": {
					"color": "#3D5067"
				}
			}
		},
		"statusbar": {
			"background-color": "#C3C7CF",
			"text-font": {
				"color": "#3C465A"
			}
		},
		"border": {
			"margin": [
				1,
				30,
				1,
				1
			],
			"active-state": {
				"border-color": "#E8EBED"
			},
			"inactive-state": {
				"border-color": "#E8EBED"
			}
		}
	},
	"w_sheet_customerwindow.cb_samplecommandbutton3": {
		"drawing": true,
		"normal-state": {
			"border-color": "#39A459",
			"background-color": "#39A459",
			"text-font": {
				"color": "#FFFFFF"
			}
		},
		"hover-state": {
			"border-color": "#3FB763",
			"background-color": "#3FB763",
			"text-font": {
				"color": "#FFFFFF"
			}
		},
		"pressed-state": {
			"border-color": "#359953",
			"background-color": "#359953",
			"text-font": {
				"color": "#FFFFFF"
			}
		},
		"focused-state": {
			"border-color": "#3FB763",
			"background-color": "#3FB763",
			"text-font": {
				"color": "#FFFFFF"
			}
		},
		"default-state": {
			"border-color": "#39A459",
			"background-color": "#39A459",
			"text-font": {
				"color": "#FFFFFF"
			}
		},
		"disabled-state": {
			"border-color": "#79C38F",
			"background-color": "#79C38F",
			"text-font": {
				"color": "#B6E0C2"
			}
		}
	},
	"w_sheet_customerwindow.cbx_saturday": {
		"drawing": true,
		"normal-state": {
			"text-font": {
				"color": "#42BFE3"
			}
		},
		"hover-state": {
			"text-font": {
				"color": "#42BFE3"
			}
		},
		"pressed-state": {
			"text-font": {
				"color": "#42BFE3"
			}
		},
		"focused-state": {
			"text-font": {
				"color": "#42BFE3"
			}
		},
		"disabled-state": {
			"text-font": {
				"color": "#9DE7FC"
			}
		}
	},
	"w_sheet_customerwindow.st_lastname": {
		"drawing": true,
		"border": 0,
		"background-transparent": true,
		"normal-state": {
			"background-color": "#F4F7FA",
			"text-font": {
				"color": "#2B7BFF"
			}
		},
		"disabled-state": {
			"background-color": "#F4F7FA",
			"text-font": {
				"color": "#ADCCFF"
			}
		}
	},
	"w_sheet_customerwindow.sle_lastname": {
		"drawing": true,
		"normal-state": {
			"border-color": "#C3D3E4",
			"background-color": "#E3EBF4",
			"text-font": {
				"color": "#2B7BFF"
			}
		},
		"hover-state": {
			"border-color": "#5CA1E6",
			"background-color": "#E9EFF5",
			"text-font": {
				"color": "#2B7BFF"
			}
		},
		"focused-state": {
			"border-color": "#5CA1E6",
			"background-color": "#E9EFF5",
			"text-font": {
				"color": "#2B7BFF"
			}
		},
		"disabled-state": {
			"border-color": "#D5E5F4",
			"background-color": "#E9EFF5"
		},
		"placeholder": {
			"text-font": {
				"color": "#90B1E7"
			}
		}
	},
	"w_sheet_customerwindow.gb_day": {
		"drawing": true,
		"background-transparent": true,
		"normal-state": {
			"border-color": "#C7CFE4",
			"background-color": "#F4F7FA",
			"text-font": {
				"color": "#2B7BFF"
			}
		},
		"disabled-state": {
			"border-color": "#DDE4F4",
			"background-color": "#F4F7FA",
			"text-font": {
				"color": "#ADCCFF"
			}
		}
	},
	"w_sheet_customerwindow.rb_onleave": {
		"drawing": true,
		"normal-state": {
			"text-font": {
				"color": "#43C0E4"
			}
		},
		"hover-state": {
			"text-font": {
				"color": "#43C0E4"
			}
		},
		"pressed-state": {
			"text-font": {
				"color": "#43C0E4"
			}
		},
		"focused-state": {
			"text-font": {
				"color": "#43C0E4"
			}
		},
		"disabled-state": {
			"text-font": {
				"color": "#9DE7FC"
			}
		}
	},
	"w_sheet_customerwindow.tab_custom": {
		"drawing": true,
		"background-color": "#F4F7FA",
		"navigator": {
			"normal-state": {
				"background-color": "#F4F7FA",
				"text-font": {
					"color": "#3D5067"
				}
			},
			"hover-state": {
				"background-color": "#47CF70",
				"text-font": {
					"color": "#FFFFFF"
				}
			},
			"focused-state": {
				"background-color": "#39A459",
				"text-font": {
					"color": "#FFFFFF"
				}
			},
			"selected-state": {
				"background-color": "#39A459",
				"text-font": {
					"color": "#FFFFFF"
				}
			},
			"disabled-state": {
				"background-color": "#F4F7FA",
				"text-font": {
					"color": "#B2BFCF"
				}
			}
		},
		"page": {
			"border-color": "#DDE0EF",
			"separator-width": 2,
			"separator-color": "#39A459",
			"background-color": "#FFFFFF"
		}
	},
	"w_sheet_customerwindow.tab_custom.tabpage_custom.htb_custom": {
		"drawing": true,
		"normal-state": {
			"background-color": "#FFFFFF"
		},
		"slider": {
			"normal-state": {
				"foreground-color": "#39A459",
				"background-color": "#CBD7CF"
			}
		}
	},
	"u_custom": {
		"drawing": true,
		"default-style": true,
		"normal-state": {
			"background-color": "#F1F9FB",
			"border-color": "#E7EBF2"
		},
		"disabled-state": {
			"background-color": "#FFFFFF",
			"border-color": "#E7EBF2"
		}
	},
	"w_sheet_customeruserobject$commandbutton": {
		"drawing": true,
		"normal-state": {
			"border-color": "#F2A717",
			"background-color": "#F2A717",
			"text-font": {
				"color": "#FFFFFF"
			}
		},
		"hover-state": {
			"border-color": "#FFBC3A",
			"background-color": "#FFBC3A",
			"text-font": {
				"color": "#FFFFFF"
			}
		},
		"pressed-state": {
			"border-color": "#E19607",
			"background-color": "#E19607",
			"text-font": {
				"color": "#FFFFFF"
			}
		},
		"focused-state": {
			"border-color": "#FFBC3A",
			"background-color": "#FFBC3A",
			"text-font": {
				"color": "#FFFFFF"
			}
		},
		"default-state": {
			"border-color": "#F2A717",
			"background-color": "#F2A717",
			"text-font": {
				"color": "#FFFFFF"
			}
		},
		"disabled-state": {
			"border-color": "#FAD080",
			"background-color": "#FAD080",
			"text-font": {
				"color": "#FFEAC2"
			}
		}
	},
	"w_sheet_customeruserobject": {
		"drawing": true,
		"background-color":"#FFFFFF",
		"title":
		{
			"active-state":
			{
				"background-color":"#FFFFFF",
				"text-font":{"color":"#3D5067"}
			},
			"inactive-state":
			{
				"background-color":"#FFFFFF",
				"text-font":{"color":"#3D5067"}
			}
		},
		"border": {
			"margin": [1,30,1,1],
			"active-state": 
			{
				"border-color": "#E9ECF9"
			},
			"inactive-state": {
				"border-color": "#E9ECF9"
			}
		}
	},
	"u_custom.dw_browser": {
		"background-color-enabled": true,
		"background-color": "#FAFEFF",
		"grid-style": {
			"drawing": true,
			"head-band": {
				"background-color": "#DBEBEF",
				"dwo-text-font": {
					"color": "#3D5067"
				}
			},
			"detail-band": {
				"selected-row-text-color": "#FFFFFF",
				"selected-row-background-color": "#01B9D1"
			},
			"grid-line": {
				"horizontal-line": true,
				"vertical-line": true,
				"line-color": "#DDF1F6"
			},
			"dwo-column": {
				"border": 2,
				"text-font": {
					"color": "#3D5067"
				}
			}
		}
	},
	"u_custom.cb_save": {
		"drawing": true,
		"normal-state": {
			"border-color": "#01B9D1",
			"background-color": "#01B9D1",
			"text-font": {
				"color": "#FFFFFF"
			}
		},
		"hover-state": {
			"border-color": "#16CDE5",
			"background-color": "#16CDE5",
			"text-font": {
				"color": "#FFFFFF"
			}
		},
		"pressed-state": {
			"border-color": "#00A6BC",
			"background-color": "#00A6BC",
			"text-font": {
				"color": "#FFFFFF"
			}
		}
	},
    "u_custom.uo_search": {
        "drawing": true,
        "default-style": true,
        "normal-state": {
            "background-color": "#F1F9FB",
            "border-color": "#E7EBF2"
        },
        "disabled-state": {
            "background-color": "#F1F9FB",
            "border-color": "#E7EBF2"
        }
    },
    "w_sheet_customerdatawindow": {
        "drawing": true,
        "background-color": "#F8F5FF",
        "title": {
            "active-state": {
                "background-color": "#F8F5FF",
                "text-font": {
                    "color": "#3D5067"
                }
            },
            "inactive-state": {
                "background-color": "#F8F5FF",
                "text-font": {
                    "color": "#3D5067"
                }
            }
        },
        "statusbar": {
            "background-color": "#C3C7CF",
            "text-font": {
                "color": "#3C465A"
            }
        },
        "border": {
            "margin": [
                1,
                30,
                1,
                1
            ],
            "active-state": {
                "border-color": "#E9ECF9"
            },
            "inactive-state": {
                "border-color": "#E9ECF9"
            }
        }
    },
    "w_sheet_customerdatawindow$commandbutton": {
        "drawing": true,
        "normal-state": {
            "border-color": "#8959EC",
            "background-color": "#8959EC",
            "text-font": { "color": "#FFFFFF" }
        },
        "hover-state": {
            "border-color": "#A072FF",
            "background-color": "#A072FF",
            "text-font": { "color": "#FFFFFF" }
        },
        "pressed-state": {
            "border-color": "#7547D4",
            "background-color": "#7547D4",
            "text-font": { "color": "#FFFFFF" }
        },
        "focused-state": {
            "border-color": "#A072FF",
            "background-color": "#A072FF",
            "text-font": { "color": "#FFFFFF" }
        },
        "default-state": {
            "border-color": "#8959EC",
            "background-color": "#8959EC",
            "text-font": { "color": "#FFFFFF" }
        },
        "disabled-state": {
            "border-color": "#B49BE6",
            "background-color": "#B49BE6",
            "text-font": { "color": "#D7C5FC" }
        }
    },
	"w_sheet_customerdatawindow.st_detail": {
		"drawing": true,
		"border": 0,
		"background-transparent": false,
		"normal-state": 
		{
			"background-color": "#F8F5FF",
			"text-font": {"color": "#3D5067"}
		}
	},
	"w_sheet_customerdatawindow.dw_browser": {
		"drawing": true,
		"background-color-enabled": true,
		"background-color": "#FFFFFF",
		"grid-style": {
			"drawing": true,
			"head-band": {
				"background-color": "#E6DEF9",
				"dwo-text-font": {
					"color": "#3D5067"
				}
			},
			"detail-band": {
				"selected-row-text-color": "#3D5067",
				"selected-row-background-color": "#CAB9EF",
				"unselected-row-background-color": "#FFFFFF"
			},
			"grid-line": {
				"horizontal-line": true,
				"vertical-line": true,
				"line-color": "#E9ECF9"
			},
			"dwo-column": {
				"border": 2,
				"border-color": "#E9ECF9",
				"background-color": "#FFFFFF",
				"text-font": {
					"color": "#3D5067"
				}
			},
			"dwo-text": {
				"border": 2,
				"border-color": "#E9ECF9",
				"background-color": "#FFFFFF",
				"text-font": {
					"color": "#3D5067"
				}
			},
			"dwo-compute": {
				"border": 2,
				"border-color": "#E9ECF9",
				"background-color": "#FFFFFF",
				"text-font": {
					"color": "#3D5067"
				}
			}
		}
	},
	"w_sheet_customerdatawindow.dw_detail": {
		"drawing": true,
		"background-color-enabled": true,
		"background-color": "#FFFFFF",
		"normal-state": {
			"border-color": "#E9ECF9"
		},
		"disabled-state": {
			"border-color": "#E9ECF9"
		},
		"dwo-button": {
			"drawing": true,
			"normal-state": {
				"border-color": "#8959EC",
				"background-color": "#8959EC",
				"text-font": {
					"color": "#FFFFFF"
				}
			},
			"hover-state": {
				"border-color": "#A072FF",
				"background-color": "#A072FF",
				"text-font": {
					"color": "#FFFFFF"
				}
			},
			"pressed-state": {
				"border-color": "#7547D4",
				"background-color": "#7547D4",
				"text-font": {
					"color": "#FFFFFF"
				}
			},
			"default-state": {
				"border-color": "#8959EC",
				"background-color": "#8959EC",
				"text-font": {
					"color": "#FFFFFF"
				}
			},
			"disabled-state": {
				"border-color": "#B49BE6",
				"background-color": "#B49BE6",
				"text-font": {
					"color": "#D7C5FC"
				}
			}
		},
		"dwo-column": {
			"drawing": true,
			"border": 0,
			"border-color": "#E4E6F2",
			"background-color": "#FFFFFF",
			"text-font": {
				"color": "#3D5067"
			},
			"dropdown-type": {
				"drawing": true,
				"selected-row-text-color": "#000000",
				"selected-row-background-color": "#CDE8FF",
				"unselected-row-background-color": "#FFFFFF",
				"normal-state": {
					"background-color": "#FFFFFF"
				},
				"hover-state": {
					"background-color": "#FFFFFF"
				}
			}
		},
		"dwo-compute": {
			"drawing": true,
			"border": 0,
			"border-color": "#E7EBF2",
			"background-color": "#FFFFFF",
			"text-font": {
				"color": "#3D5067"
			}
		},
		"dwo-graph": {
			"drawing": true,
			"border": 0,
			"border-color": "#E7EBF2"
		},
		"dwo-groupbox": {
			"drawing": true,
			"border": 0,
			"border-color": "#E7EBF2",
			"background-color": "#FFFFFF",
			"text-font": {
				"color": "#3C465A"
			}
		},
		"dwo-inkpicture": {
			"drawing": true,
			"border": 0,
			"border-color": "#E7EBF2"
		},
		"dwo-ole": {
			"drawing": true,
			"border": 0,
			"border-color": "#E7EBF2"
		},
		"dwo-oledatabaseblob": {
			"drawing": true,
			"border": 0,
			"border-color": "#E7EBF2"
		},
		"dwo-picture": {
			"drawing": true,
			"border": 0,
			"border-color": "#E7EBF2"
		},
		"dwo-tableblob": {
			"drawing": true,
			"border": 0,
			"border-color": "#E7EBF2"
		},
		"dwo-text": {
			"drawing": true,
			"border": 2,
			"border-color": "#E7EBF2",
			"background-color": "#FFFFFF",
			"text-font": {
				"color": "#3D5067"
			}
		},
		"cross-style": {
			"drawing": true,
			"head-band": {
				"background-color": "#64738C",
				"dwo-text-font": {
					"color": "#FFFFFF"
				}
			},
			"detail-band": {
				"selected-row-text-color": "#3C465A",
				"selected-row-background-color": "#B6BECD"
			},
			"grid-line": {
				"horizontal-line": true,
				"vertical-line": true,
				"line-color": "#E7EBF2"
			},
			"dwo-column": {
				"border": 2,
				"border-color": "#E7EBF2",
				"background-color": "#FFFFFF",
				"text-font": {
					"color": "#3C465A"
				}
			},
			"dwo-text": {
				"border": 2,
				"border-color": "#E7EBF2",
				"background-color": "#FFFFFF",
				"text-font": {
					"color": "#3C465A"
				}
			},
			"dwo-compute": {
				"border": 2,
				"border-color": "#E7EBF2",
				"background-color": "#FFFFFF",
				"text-font": {
					"color": "#333333"
				}
			}
		},
		"grid-style": {
			"drawing": true,
			"head-band": {
				"background-color": "#64738C",
				"dwo-text-font": {
					"color": "#FFFFFF"
				}
			},
			"detail-band": {
				"selected-row-text-color": "#3C465A",
				"selected-row-background-color": "#B6BECD"
			},
			"grid-line": {
				"horizontal-line": true,
				"vertical-line": true,
				"line-color": "#E7EBF2"
			},
			"dwo-column": {
				"border": 2,
				"border-color": "#E7EBF2",
				"background-color": "#FFFFFF",
				"text-font": {
					"color": "#3C465A"
				}
			},
			"dwo-text": {
				"border": 2,
				"border-color": "#E7EBF2",
				"background-color": "#FFFFFF",
				"text-font": {
					"color": "#3C465A"
				}
			},
			"dwo-compute": {
				"border": 2,
				"border-color": "#E7EBF2",
				"background-color": "#FFFFFF",
				"text-font": {
					"color": "#333333"
				}
			}
		}
	}
}