{
  "Applications": {
    "PSRESTAuthentication": {
      "CloudTransactions": {
        "sqlca": {
          "CacheName": "address"
        }
      },
      "Transaction": {
        "Timeout": 120,
        "TransactionException": true
      },
      "Session": {
        "Timeout": 3600
      },
      "Request": {
        "Timeout": 3600
      },
      "RunMode": 0
    }
  },
  "Connections": {
    "Default": {
      "address": {
        "ConnectionType": "Odbc",
        "OdbcName": "PB Demo DB V2021",
        "OdbcDriver": "SqlAnywhere",
        "UserID": "dba",
        "Password": "",
        "CommandTimeout": 30,
        "SecurityOptions": null,
        "OtherOptions": "",
        "DynamicConnection": false
      }
    }
  }
}