{
	"meta-info":
	{
		"version":"190"
	},
	"checkbox":
	{
		"drawing":true,
		"normal-state":
		{
			"text-font":{"color":"#CCCCCC"},
			"box-images":
			{
				"unchecked":{"file":"checkbox-box-normal-unchecked.bmp"},
				"checked":{"file":"checkbox-box-normal-checked.bmp"},
				"indeterminate":{"file":"checkbox-box-normal-indeterminate.bmp"}
			}
		},
		"hover-state":
		{
			"text-font":{"color":"#1E6EE1"},
			"box-images":
			{
				"unchecked":{"file":"checkbox-box-hover-unchecked.bmp"},
				"checked":{"file":"checkbox-box-hover-checked.bmp"},
				"indeterminate":{"file":"checkbox-box-hover-indeterminate.bmp"}
			}
		},
		"pressed-state":
		{
			"text-font":{"color":"#1E6EE1"},
			"box-images":
			{
				"unchecked":{"file":"checkbox-box-pressed-unchecked.bmp"},
				"checked":{"file":"checkbox-box-pressed-checked.bmp"},
				"indeterminate":{"file":"checkbox-box-pressed-indeterminate.bmp"}
			}
		},
		"focused-state":
		{
			"text-font":{"color":"#CCCCCC"},
			"box-images":
			{
				"unchecked":{"file":"checkbox-box-focused-unchecked.bmp"},
				"checked":{"file":"checkbox-box-focused-checked.bmp"},
				"indeterminate":{"file":"checkbox-box-focused-indeterminate.bmp"}
			}
		},
		"disabled-state":
		{
			"text-font":{"color":"#4D4D4D"},
			"box-images":
			{
				"unchecked":{"file":"checkbox-box-disabled-unchecked.bmp"},
				"checked":{"file":"checkbox-box-disabled-checked.bmp"},
				"indeterminate":{"file":"checkbox-box-disabled-indeterminate.bmp"}
			}
		}
	},
	"commandbutton":
	{
		"drawing":true,
		"normal-state":
		{
			"border-color":"#4D4D4D",
			"background-color":"#4D4D4D",
			"text-font":{"color":"#CCCCCC"}
		},
		"hover-state":
		{
			"border-color":"#666666",
			"background-color":"#666666",
			"text-font":{"color":"#CCCCCC"}
		},
		"pressed-state":
		{
			"border-color":"#404040",
			"background-color":"#404040",
			"text-font":{"color":"#CCCCCC"}
		},
		"focused-state":
		{
			"border-color":"#1E6EE1",
			"background-color":"#1E6EE1",
			"text-font":{"color":"#FFFFFF"}
		},
		"default-state":
		{
			"border-color":"#1E6EE1",
			"background-color":"#1E6EE1",
			"text-font":{"color":"#FFFFFF"}
		},
		"disabled-state":
		{
			"border-color":"#333333",
			"background-color":"#333333",
			"text-font":{"color":"#666666"}
		}
	},
	"datawindow":
	{
		"drawing":true,
		"background-color-enabled":true,
		"background-color":"#262626",
		"normal-state":
		{
			"border-color":"#404040"
		},
		"disabled-state":
		{
			"border-color":"#333333"
		},
		"dwo-button":
		{
			"drawing":true,
			"normal-state":
			{
				"border-color":"#4D4D4D",
				"background-color":"#4D4D4D",
				"text-font":{"color":"#CCCCCC"}
			},
			"hover-state":
			{
				"border-color":"#666666",
				"background-color":"#666666",
				"text-font":{"color":"#CCCCCC"}
			},
			"pressed-state":
			{
				"border-color":"#404040",
				"background-color":"#404040",
				"text-font":{"color":"#CCCCCC"}
			},
			"default-state":
			{
				"border-color":"#1E6EE1",
				"background-color":"#1E6EE1",
				"text-font":{"color":"#FFFFFF"}
			},
			"disabled-state":
			{
				"border-color":"#333333",
				"background-color":"#333333",
				"text-font":{"color":"#666666"}
			}
		},
		"dwo-column":
		{
			"drawing":true,
			"border":0,
			"border-color":"#404040",
			"background-color":"#262626",
			"text-font":{"color":"#CCCCCC"},
			"checkbox-type":
			{
				"drawing":true,
				"normal-state":
				{
					"box-images":
					{
						"unchecked":{"file":"checkbox-box-normal-unchecked.bmp"},
						"checked":{"file":"checkbox-box-normal-checked.bmp"},
						"indeterminate":{"file":"checkbox-box-normal-indeterminate.bmp"}
					}
				},
				"hover-state":
				{
					"box-images":
					{
						"unchecked":{"file":"checkbox-box-hover-unchecked.bmp"},
						"checked":{"file":"checkbox-box-hover-checked.bmp"},
						"indeterminate":{"file":"checkbox-box-hover-indeterminate.bmp"}
					}
				}
			},
			"dropdown-type":
			{
				"drawing":true,
				"selected-row-text-color":"#CCCCCC",
				"selected-row-background-color":"#4D4D4D",
				"unselected-row-background-color":"#1F1F1F",				
				"normal-state":
				{
					"background-color":"#262626",
					"arrow-image":{"file":"dropdownlistbox-arrow-normal.png"}
				},
				"hover-state":
				{
					"background-color":"#262626",
					"arrow-image":{"file":"dropdownlistbox-arrow-hover.png"}
				}
			},
			"editmask-type":
			{
				"drawing":true,
				"spin":
				{
					"normal-state":
					{
						"images":
						{
							"top-button":{"file":"dwo-editmask-spin-top-button-normal.png"},
							"bottom-button":{"file":"dwo-editmask-spin-bottom-button-normal.png"}
						}
					},
					"hover-state":
					{
						"images":
						{
							"top-button":{"file":"dwo-editmask-spin-top-button-hover.png"},
							"bottom-button":{"file":"dwo-editmask-spin-bottom-button-hover.png"}
						}
					}
				},
				"dropdownarrow":
				{
					"normal-state":
					{
						"arrow-image":{"file":"dropdownlistbox-arrow-normal.png"}
					},
					"hover-state":
					{
						"arrow-image":{"file":"dropdownlistbox-arrow-hover.png"}
					}
				}
			},
			"radiobuttons-type":
			{
				"drawing":true,
				"normal-state":
				{
					"radio-images":
					{
						"unchecked":{"file":"radiobutton-radio-normal-unchecked.png"},
						"checked":{"file":"radiobutton-radio-normal-checked.png"}
					}
				},
				"hover-state":
				{
					"radio-images":
					{
						"unchecked":{"file":"radiobutton-radio-hover-unchecked.png"},
						"checked":{"file":"radiobutton-radio-hover-checked.png"}
					}
				}
			}
		},
		"dwo-compute":
		{
			"drawing":true,
			"border":0,
			"border-color":"#404040",
			"background-color":"#262626",
			"text-font":{"color":"#CCCCCC"}
		},
		"dwo-graph":
		{
			"drawing":true,
			"border":0,
			"border-color":"#404040"
		},
		"dwo-groupbox":
		{
			"drawing":true,
			"border":0,
			"border-color":"#404040",
			"background-color":"#262626",
			"text-font":{"color":"#CCCCCC"}
		},
		"dwo-inkpicture":
		{
			"drawing":true,
			"border":0,
			"border-color":"#404040"
		},
		"dwo-ole":
		{
			"drawing":true,
			"border":0,
			"border-color":"#404040"
		},
		"dwo-oledatabaseblob":
		{
			"drawing":true,
			"border":0,
			"border-color":"#404040"
		},
		"dwo-picture":
		{
			"drawing":true,
			"border":0,
			"border-color":"#404040"
		},
		"dwo-tableblob":
		{
			"drawing":true,
			"border":0,
			"border-color":"#404040"
		},
		"dwo-text":
		{
			"drawing":true,
			"border":2,
			"border-color":"#404040",
			"background-color":"#262626",
			"text-font":{"color":"#CCCCCC"}
		},
		"cross-style":
		{
			"drawing":true,
			"head-band":
			{
				"background-color":"#1A1A1A",
				"dwo-text-font":{"color":"#CCCCCC"}
			},
			"detail-band":
			{
				"selected-row-text-color":"#CCCCCC",
				"selected-row-background-color":"#4D4D4D"
			},
			"grid-line":
			{
				"horizontal-line":true,
				"vertical-line":true,
				"line-color":"#404040"
			},
			"dwo-column":
			{
				"border":2,
				"border-color":"#404040",
				"background-color":"#262626",
				"text-font":{"color":"#CCCCCC"}
			},
			"dwo-text":
			{
				"border":2,
				"border-color":"#404040",
				"background-color":"#262626",
				"text-font":{"color":"#CCCCCC"}
			},
			"dwo-compute":
			{
				"border":2,
				"border-color":"#404040",
				"background-color":"#262626",
				"text-font":{"color":"#CCCCCC"}
			}
		},
		"grid-style":
		{
			"drawing":true,
			"head-band":
			{
				"background-color":"#1A1A1A",
				"dwo-text-font":{"color":"#CCCCCC"}
			},
			"detail-band":
			{
				"selected-row-text-color":"#CCCCCC",
				"selected-row-background-color":"#4D4D4D"
			},
			"grid-line":
			{
				"horizontal-line":true,
				"vertical-line":true,
				"line-color":"#404040"
			},
			"dwo-column":
			{
				"border":2,
				"border-color":"#404040",
				"background-color":"#262626",
				"text-font":{"color":"#CCCCCC"}
			},
			"dwo-text":
			{
				"border":2,
				"border-color":"#404040",
				"background-color":"#262626",
				"text-font":{"color":"#CCCCCC"}
			},
			"dwo-compute":
			{
				"border":2,
				"border-color":"#404040",
				"background-color":"#262626",
				"text-font":{"color":"#CCCCCC"}
			}
		}
	},
	"datepicker":
	{
		"drawing":true,
		"edit":
		{
			"normal-state":
			{
				"border-color":"#4C4C4C"
			},
			"hover-state":
			{
				"border-color":"#1E6EE1"
			},
			"focused-state":
			{
				"border-color":"#1E6EE1"
			},
			"disabled-state":
			{
				"border-color":"#404040"
			}
		},
		"dropdownarrow":
		{
			"normal-state":
			{
				"arrow-image":{"file":"datepicker-arrow-normal.bmp"}
			},
			"hover-state":
			{
				"arrow-image":{"file":"datepicker-arrow-hover.bmp"}
			},
			"focused-state":
			{
				"arrow-image":{"file":"datepicker-arrow-focused.bmp"}
			},
			"disabled-state":
			{
				"arrow-image":{"file":"datepicker-arrow-disabled.bmp"}
			}
		}
	},
	"dropdownlistbox":
	{
		"drawing":true,
		"normal-state":
		{
			"border-color":"#4C4C4C",
			"background-color":"#1F1F1F",
			"text-font":{"color":"#CCCCCC"},
			"arrow-image":{"file":"dropdownlistbox-arrow-normal.png"}
		},
		"hover-state":
		{
			"border-color":"#1E6EE1",
			"background-color":"#1F1F1F",
			"text-font":{"color":"#CCCCCC"},
			"arrow-image":{"file":"dropdownlistbox-arrow-hover.png"}
		},
		"focused-state":
		{
			"border-color":"#1E6EE1",
			"background-color":"#1F1F1F",
			"text-font":{"color":"#CCCCCC"},
			"arrow-image":{"file":"dropdownlistbox-arrow-focused.png"}
		},
		"disabled-state":
		{
			"border-color":"#404040",
			"background-color":"#242424",
			"text-font":{"color":"#4D4D4D"},
			"arrow-image":{"file":"dropdownlistbox-arrow-disabled.png"}
		}
	},
	"dropdownpicturelistbox":
	{
		"drawing":true,
		"normal-state":
		{
			"border-color":"#4C4C4C",
			"background-color":"#1F1F1F",
			"text-font":{"color":"#CCCCCC"},
			"arrow-image":{"file":"dropdownlistbox-arrow-normal.png"}
		},
		"hover-state":
		{
			"border-color":"#1E6EE1",
			"background-color":"#1F1F1F",
			"text-font":{"color":"#CCCCCC"},
			"arrow-image":{"file":"dropdownlistbox-arrow-hover.png"}
		},
		"focused-state":
		{
			"border-color":"#1E6EE1",
			"background-color":"#1F1F1F",
			"text-font":{"color":"#CCCCCC"},
			"arrow-image":{"file":"dropdownlistbox-arrow-focused.png"}
		},
		"disabled-state":
		{
			"border-color":"#404040",
			"background-color":"#242424",
			"text-font":{"color":"#4D4D4D"},
			"arrow-image":{"file":"dropdownlistbox-arrow-disabled.png"}
		}
	},
	"editmask":
	{
		"drawing":true,
		"edit":
		{
			"normal-state":
			{
				"border-color":"#4C4C4C",
				"background-color":"#1F1F1F",
				"text-font":{"color":"#CCCCCC"}
			},
			"hover-state":
			{
				"border-color":"#1E6EE1",
				"background-color":"#1F1F1F",
				"text-font":{"color":"#CCCCCC"}
			},
			"focused-state":
			{
				"border-color":"#1E6EE1",
				"background-color":"#1F1F1F",
				"text-font":{"color":"#CCCCCC"}
			},
			"disabled-state":
			{
				"border-color":"#404040",
				"background-color":"#242424"
			}
		},
		"spin":
		{
			"normal-state":
			{
				"images":
				{
					"top-button":{"file":"editmask-spin-top-button-normal.png"},
					"bottom-button":{"file":"editmask-spin-bottom-button-normal.png"}
				}
			},
			"hover-state":
			{
				"images":
				{
					"top-button":{"file":"editmask-spin-top-button-hover.png"},
					"bottom-button":{"file":"editmask-spin-bottom-button-hover.png"}
				}
			},
			"pressed-state":
			{
				"images":
				{
					"top-button":{"file":"editmask-spin-top-button-pressed.png"},
					"bottom-button":{"file":"editmask-spin-bottom-button-pressed.png"}
				}
			},
			"disabled-state":
			{
				"images":
				{
					"top-button":{"file":"editmask-spin-top-button-disabled.png"},
					"bottom-button":{"file":"editmask-spin-bottom-button-disabled.png"}
				}
			}
		},
		"dropdownarrow":
		{
			"normal-state":
			{
				"arrow-image":{"file":"editmask-arrow-normal.png"}
			},
			"hover-state":
			{
				"arrow-image":{"file":"editmask-arrow-hover.png"}
			},
			"pressed-state":
			{
				"arrow-image":{"file":"editmask-arrow-pressed.png"}
			},
			"disabled-state":
			{
				"arrow-image":{"file":"editmask-arrow-disabled.png"}
			}
		}
	},
	"graph-colors":
	{
		"drawing":true,
		"palette":["#3EAA4D","#118E7B","#18778F","#12627F","#1E518E","#254192","#444497","#6A53B5","#8E3B76","#AB5446","#C47C4C","#D3A66A","#C8BC56","#8AAF55"],
		"pie-edge":"#DCDCDC",
		"bar-edge":"#646464"
	},
	"graph-control":
	{
		"drawing":true,
		"normal-state":
		{
			"border-color":"#4C4C4C"
		},
		"hover-state":
		{
			"border-color":"#4C4C4C"
		},
		"focused-state":
		{
			"border-color":"#4C4C4C"
		},
		"disabled-state":
		{
			"border-color":"#4C4C4C"
		}
	},
	"groupbox":
	{
		"drawing":true,
		"background-transparent":true,
		"normal-state":
		{
			"border-color":"#4C4C4C",
			"background-color":"#262626",
			"text-font":{"color":"#CCCCCC"}
		},
		"disabled-state":
		{
			"border-color":"#404040",
			"background-color":"#262626",
			"text-font":{"color":"#4D4D4D"}
		}
	},
	"inkedit":
	{
		"drawing":true,
		"normal-state":
		{
			"border-color":"#4C4C4C",
			"background-color":"#1F1F1F",
			"text-font":{"color":"#CCCCCC"}
		},
		"hover-state":
		{
			"border-color":"#1E6EE1",
			"background-color":"#1F1F1F",
			"text-font":{"color":"#CCCCCC"}
		},
		"focused-state":
		{
			"border-color":"#1E6EE1",
			"background-color":"#1F1F1F",
			"text-font":{"color":"#CCCCCC"}
		},
		"disabled-state":
		{
			"border-color":"#404040",
			"text-font":{"color":"#4D4D4D"}
		}
	},
	"inkpicture":
	{
		"drawing":true,
		"normal-state":
		{
			"border-color":"#4C4C4C"
		},
		"disabled-state":
		{
			"border-color":"#333333"
		}
	},
	"listbox":
	{
		"drawing":true,
		"normal-state":
		{
			"border-color":"#4C4C4C",
			"background-color":"#1F1F1F"
		},
		"hover-state":
		{
			"border-color":"#4C4C4C",
			"background-color":"#1F1F1F"
		},
		"disabled-state":
		{
			"border-color":"#404040",
			"background-color":"#242424"
		},
		"item":
		{
			"normal-state":
			{
				"background-color":"#1F1F1F",
				"text-font":{"color":"#CCCCCC"}
			},
			"hover-state":
			{
				"background-color":"#333333",
				"text-font":{"color":"#CCCCCC"}
			},
			"selected-state":
			{
				"background-color":"#4D4D4D",
				"text-font":{"color":"#CCCCCC"}
			},
			"disabled-state":
			{
				"background-color":"#242424",
				"text-font":{"color":"#4D4D4D"}
			}
		}
	},
	"listview":
	{
		"drawing":true,
		"normal-state":
		{
			"border-color":"#4C4C4C",
			"background-color":"#1F1F1F"
		},
		"hover-state":
		{
			"border-color":"#4C4C4C",
			"background-color":"#1F1F1F"
		},
		"disabled-state":
		{
			"border-color":"#404040",
			"background-color":"#242424"
		},
		"item":
		{
			"normal-state":
			{
				"background-color":"#1F1F1F",
				"text-font":{"color":"#CCCCCC"}
			},
			"hover-state":
			{
				"background-color":"#333333",
				"text-font":{"color":"#CCCCCC"}
			},
			"selected-state":
			{
				"background-color":"#4D4D4D",
				"text-font":{"color":"#CCCCCC"}
			},
			"disabled-state":
			{
				"background-color":"#242424",
				"text-font":{"color":"#4D4D4D"}
			}
		},
		"checkbox":
		{
			"normal-state":
			{
				"images":
				{
					"unchecked":{"file":"listview-checkbox-unchecked.ico"},
					"checked":{"file":"listview-checkbox-checked.ico"}
				}
			}
		}
	},
	"menu":
	{
		"drawing":true,
		"menubar":
		{
			"background-color":"#333333",
			"menuitem":
			{
				"normal-state":
				{
					"text-font":{"color":"#CCCCCC"},
					"background-color":"#333333"
				},
				"hover-state":
				{
					"text-font":{"color":"#FFFFFF"},
					"background-color":"#4D4D4D"
				},
				"selected-state":
				{
					"text-font":{"color":"#FFFFFF"},
					"background-color":"#1F1F1F"
				},
				"disabled-state":
				{
					"text-font":{"color":"#4D4D4D"},
					"background-color":"#333333"
				}
			}
		},
		"popupmenu":
		{
			"border-color":"#4D4D4D",
			"separator-color":"#4D4D4D",
			"background-color":"#333333",
			"bitmap-background-color":"#333333",
			"bitmap-gradient":false,
			"title-background-color":"#333333",
			"title-text-font":{"color":"#CCCCCC"},
			"title-gradient":false,
			"menuitem":
			{
				"normal-state":
				{
					"text-font":{"color":"#CCCCCC"},
					"background-color":"#333333"
				},
				"selected-state":
				{
					"text-font":{"color":"#FFFFFF"},
					"background-color":"#1F1F1F"
				},
				"disabled-state":
				{
					"text-font":{"color":"#4D4D4D"},
					"background-color":"#333333"
				}
			}
		},
		"toolbar":
		{
			"border-color":"#4D4D4D",
			"background-color":"#333333",		
			"grabbar-color":"#595959",
			"separator-color":"#404040",
			"arrow-color":"#CCCCCC",
			"bitmap-background-color":"#333333",
			"item":
			{
				"normal-state":
				{
					"text-font":{"color":"#CCCCCC"}
				},
				"hover-state":
				{
					"text-font":{"color":"#FFFFFF"},
					"background-color":"#4D4D4D"
				},
				"selected-state":
				{
					"text-font":{"color":"#FFFFFF"},
					"background-color":"#1F1F1F"
				},
				"checked-state":
				{
					"text-font":{"color":"#FFFFFF"},
					"background-color":"#3C4B64"
				},
				"disabled-state":
				{
					"text-font":{"color":"#4D4D4D"}
				}
			},
			"dropdownarrow":
			{
				"normal-state":
				{		
					"background-color":"#333333"			
				},
				"hover-state":
				{		
					"background-color":"#4D4D4D"			
				},
				"disabled-state":
				{				
					"background-color":"#333333"
				}
			},
			"tooltip":
			{
				"border-color":"#333333",
				"background-color":"#1A1A1A",
				"text-font":{"color":"#CCCCCC"}
			}
		}
	},
	"monthcalendar":
	{
		"drawing":true,
		"normal-state":
		{
			"border-color":"#4C4C4C",
			"background-color":"#1F1F1F"
		},
		"hover-state":
		{
			"border-color":"#4C4C4C",
			"background-color":"#1F1F1F"
		},
		"disabled-state":
		{
			"border-color":"#404040",
			"background-color":"#1F1F1F"
		}
	},
	"multilineedit":
	{
		"drawing":true,
		"normal-state":
		{
			"border-color":"#4C4C4C",
			"background-color":"#1F1F1F",
			"text-font":{"color":"#CCCCCC"}
		},
		"hover-state":
		{
			"border-color":"#1E6EE1",
			"background-color":"#1F1F1F",
			"text-font":{"color":"#CCCCCC"}
		},
		"focused-state":
		{
			"border-color":"#1E6EE1",
			"background-color":"#1F1F1F",
			"text-font":{"color":"#CCCCCC"}
		},
		"disabled-state":
		{
			"border-color":"#404040",
			"background-color":"#242424"
		}
	},
	"olecontrol":
	{
		"drawing":true,
		"normal-state":
		{
			"border-color":"#4C4C4C"
		},
		"hover-state":
		{
			"border-color":"#4C4C4C"
		},
		"disabled-state":
		{
			"border-color":"#333333"
		}
	},
	"olecustomcontrol":
	{
		"drawing":true,
		"normal-state":
		{
			"border-color":"#4C4C4C"
		},
		"hover-state":
		{
			"border-color":"#4C4C4C"
		},
		"disabled-state":
		{
			"border-color":"#333333"
		}
	},
	"picturebutton":
	{
		"drawing":true,
		"normal-state":
		{
			"border-color":"#4D4D4D",
			"background-color":"#4D4D4D",
			"text-font":{"color":"#CCCCCC"}
		},
		"hover-state":
		{
			"border-color":"#666666",
			"background-color":"#666666",
			"text-font":{"color":"#CCCCCC"}
		},
		"pressed-state":
		{
			"border-color":"#404040",
			"background-color":"#404040",
			"text-font":{"color":"#CCCCCC"}
		},
		"focused-state":
		{
			"border-color":"#1E6EE1",
			"background-color":"#4D4D4D",
			"text-font":{"color":"#FFFFFF"}
		},
		"disabled-state":
		{
			"border-color":"#333333",
			"background-color":"#333333",
			"text-font":{"color":"#666666"}
		}
	},
	"picturelistbox":
	{
		"drawing":true,
		"normal-state":
		{
			"border-color":"#4C4C4C",
			"background-color":"#1F1F1F"
		},
		"hover-state":
		{
			"border-color":"#4C4C4C",
			"background-color":"#1F1F1F"
		},
		"disabled-state":
		{
			"border-color":"#404040",
			"background-color":"#242424"
		},
		"item":
		{
			"normal-state":
			{
				"background-color":"#1F1F1F",
				"text-font":{"color":"#CCCCCC"}
			},
			"hover-state":
			{
				"background-color":"#333333",
				"text-font":{"color":"#CCCCCC"}
			},
			"selected-state":
			{
				"background-color":"#4D4D4D",
				"text-font":{"color":"#CCCCCC"}
			},
			"disabled-state":
			{
				"background-color":"#242424",
				"text-font":{"color":"#4D4D4D"}
			}
		}
	},
	"hprogressbar":
	{
		"drawing":true,
		"normal-state":
		{
			"background-color":"#404040",
			"foreground-color":"#1E6EE1"
		}
	},
	"vprogressbar":
	{
		"drawing":true,
		"normal-state":
		{
			"background-color":"#404040",
			"foreground-color":"#1E6EE1"
		}
	},
	"radiobutton":
	{
		"drawing":true,
		"normal-state":
		{
			"text-font":{"color":"#CCCCCC"},
			"radio-images":
			{
				"unchecked":{"file":"radiobutton-radio-normal-unchecked.png"},
				"checked":{"file":"radiobutton-radio-normal-checked.png"}
			}
		},
		"hover-state":
		{
			"text-font":{"color":"#1E6EE1"},
			"radio-images":
			{
				"unchecked":{"file":"radiobutton-radio-hover-unchecked.png"},
				"checked":{"file":"radiobutton-radio-hover-checked.png"}
			}
		},
		"pressed-state":
		{
			"text-font":{"color":"#1E6EE1"},
			"radio-images":
			{
				"unchecked":{"file":"radiobutton-radio-pressed-unchecked.png"},
				"checked":{"file":"radiobutton-radio-pressed-checked.png"}
			}
		},
		"focused-state":
		{
			"text-font":{"color":"#CCCCCC"},
			"radio-images":
			{
				"unchecked":{"file":"radiobutton-radio-focused-unchecked.png"},
				"checked":{"file":"radiobutton-radio-focused-checked.png"}
			}
		},
		"disabled-state":
		{
			"text-font":{"color":"#4D4D4D"},
			"radio-images":
			{
				"unchecked":{"file":"radiobutton-radio-disabled-unchecked.png"},
				"checked":{"file":"radiobutton-radio-disabled-checked.png"}
			}
		}
	},
	"ribbonbar":
	{
		"drawing":true,
		"normal-state":
		{
			"background-color":"#262626"
		},
		"disabled-state":
		{
			"background-color":"#262626"
		},
		"minimized-bottomline":
		{
			"normal-state":
			{
				"color":"#333333"
			},
			"disabled-state":
			{
				"color":"#262626"
			}
		},
		"applicationbutton":
		{
				"normal-state":
				{
						"border-color":"#1E6EE1",
						"background-color":"#1E6EE1",
						"text-font":{"color":"#FFFFFF"}
				},
				"hover-state":
				{
						"border-color":"#227DFF",
						"background-color":"#227DFF",
						"text-font":{"color":"#FFFFFF"}
				},
				"pressed-state":
				{
						"border-color":"#1758B3",
						"background-color":"#1758B3",
						"text-font":{"color":"#FFFFFF"}
				},
				"disabled-state":
				{
						"border-color":"#536580",
						"background-color":"#536580",
						"text-font":{"color":"#788CAA"}
				}
		},
		"category":
		{
			"content":
			{
				"active-state":
				{
					"border-color":"#333333",
					"background-color":"#1A1A1A"
				},
				"disabled-state":
				{
					"border-color":"#333333",
					"background-color":"#1A1A1A"
				}
			},
			"header":
			{
				"normal-state":
				{
					"border-color":"#262626",
					"background-color":"#262626",
					"text-font":{"color":"#CCCCCC"}
				},
				"hover-state":
				{
					"border-color":"#2E2E2E",
					"background-color":"#1F1F1F",
					"text-font":{"color":"#CCCCCC"}
				},
				"pressed-state":
				{
					"border-color":"#333333",
					"background-color":"#1A1A1A",
					"text-font":{"color":"#1E6EE1"}
				},
				"active-state":
				{
					"border-color":"#333333",
					"background-color":"#1A1A1A",
					"text-font":{"color":"#1E6EE1"}
				},
				"disabled-state":
				{	
					"border-color":"#262626",
					"background-color":"#262626",
					"text-font":{"color":"#4D4D4D"}
				}
			},
			"separator":
			{
				"active-state":
				{
					"color":"#333333"
				},
				"disabled-state":
				{
					"color":"#333333"
				}
			},
			"scrollbutton":
			{
				"normal-state":
				{
					"border-color":"#333333",
					"background-color":"#1F1F1F",
					"images":
					{
						"left-scroll-button":{"file":"left-scroll-button-normal.png"},
						"right-scroll-button":{"file":"right-scroll-button-normal.png"}
					}
				},
				"hover-state":
				{
					"border-color":"#292929",
					"background-color":"#1F1F1F",
					"images":
					{
						"left-scroll-button":{"file":"left-scroll-button-normal.png"},
						"right-scroll-button":{"file":"right-scroll-button-normal.png"}
					}
				},
				"pressed-state":
				{
					"border-color":"#333333",
					"background-color":"#262626",
					"images":
					{
						"left-scroll-button":{"file":"left-scroll-button-normal.png"},
						"right-scroll-button":{"file":"right-scroll-button-normal.png"}
					}
				},
				"disabled-state":
				{
					"border-color":"#1A1A1A",
					"background-color":"#1A1A1A",
					"images":
					{
						"left-scroll-button":{"file":"left-scroll-button-disabled.png"},
						"right-scroll-button":{"file":"right-scroll-button-disabled.png"}
					}
				}
			}
		},
		"panel":
		{
			"normal-state":
			{
				"border-color":"#333333",
				"background-color":"#1A1A1A",
				"text-font":{"color":"#808080"}
			},
			"disabled-state":
			{
				"border-color":"#333333",
				"background-color":"#1A1A1A",
				"text-font":{"color":"#4D4D4D"}
			},
			"button":
			{
				"normal-state":
				{
					"border-color":"#1A1A1A",
					"background-color":"#1A1A1A",
					"text-font":{"color":"#CCCCCC"},
					"arrow-image":{"file":"dropdown-arrow-normal.png"}
				},
				"hover-state":
				{
					"border-color":"#1E6EE1",
					"background-color":"#262626",
					"text-font":{"color":"#CCCCCC"},
					"arrow-image":{"file":"dropdown-arrow-normal.png"}
				},
				"pressed-state":
				{
					"border-color":"#1E6EE1",
					"background-color":"#121212",
					"text-font":{"color":"#CCCCCC"},
					"arrow-image":{"file":"dropdown-arrow-normal.png"}
				},
				"disabled-state":
				{
					"border-color":"#1A1A1A",
					"background-color":"#1A1A1A",
					"text-font":{"color":"#4D4D4D"},
					"arrow-image":{"file":"dropdown-arrow-disabled.png"}
				}
			}
		},
		"checkbox":
		{
			"normal-state":
			{
				"background-color":"#1A1A1A",
				"text-font":{"color":"#CCCCCC"},
				"box-images":
				{
					"unchecked":{"file":"checkbox-box-normal-unchecked.bmp"},
					"checked":{"file":"checkbox-box-normal-checked.bmp"},
					"indeterminate":{"file":"checkbox-box-normal-indeterminate.bmp"}
				}
			},
			"hover-state":
			{
				"background-color":"#1A1A1A",
				"text-font":{"color":"#CCCCCC"},
				"box-images":
				{
					"unchecked":{"file":"checkbox-box-hover-unchecked.bmp"},
					"checked":{"file":"checkbox-box-hover-checked.bmp"},
					"indeterminate":{"file":"checkbox-box-hover-indeterminate.bmp"}
				}
			},
			"pressed-state":
			{
				"background-color":"#1A1A1A",
				"text-font":{"color":"#CCCCCC"},
				"box-images":
				{
					"unchecked":{"file":"checkbox-box-pressed-unchecked.bmp"},
					"checked":{"file":"checkbox-box-pressed-checked.bmp"},
					"indeterminate":{"file":"checkbox-box-pressed-indeterminate.bmp"}	
				}
			},
			"disabled-state":
			{
				"background-color":"#1A1A1A",
				"text-font":{"color":"#4D4D4D"},
				"box-images":
				{
					"unchecked":{"file":"checkbox-box-disabled-unchecked.bmp"},
					"checked":{"file":"checkbox-box-disabled-checked.bmp"},
					"indeterminate":{"file":"checkbox-box-disabled-indeterminate.bmp"}
				}
			}
		},
		"combobox":
		{
			"normal-state":
			{
				"background-color":"#1A1A1A"
			},
			"disabled-state":
			{
				"background-color":"#1A1A1A"
			},
			"label":
			{
				"normal-state":
				{
					"text-font":{"color":"#CCCCCC"}
				},
				"disabled-state":
				{
					"text-font":{"color":"#4D4D4D"}
				}
			},
			"dropdownlist":
			{
				"normal-state":
				{
					"border-color":"#4D4D4D",
					"background-color":"#262626",
					"arrow-image":{"file":"dropdown-arrow-normal.png"}
				},
				"hover-state":
				{
					"border-color":"#1E6EE1",
					"background-color":"#404040",
					"arrow-image":{"file":"dropdown-arrow-normal.png"}
				},
				"pressed-state":
				{
					"border-color":"#1E6EE1",
					"background-color":"#1F1F1F",
					"arrow-image":{"file":"dropdown-arrow-normal.png"}
				},
				"focused-state":
				{
					"border-color":"#1E6EE1",
					"background-color":"#333333",
					"arrow-image":{"file":"dropdown-arrow-normal.png"}
				},
				"disabled-state":
				{
					"border-color":"#404040",
					"background-color":"#262626",
					"arrow-image":{"file":"dropdown-arrow-disabled.png"}
				},
				"edit":
				{
					"normal-state":
					{
						"background-color":"#262626",
						"text-font":{"color":"#CCCCCC"}
					},
					"hover-state":
					{
						"background-color":"#333333",
						"text-font":{"color":"#CCCCCC"}
					},
					"pressed-state":
					{
						"background-color":"#333333",
						"text-font":{"color":"#CCCCCC"}
					},
					"focused-state":
					{
						"background-color":"#333333",
						"text-font":{"color":"#CCCCCC"}
					},
					"disabled-state":
					{
						"background-color":"#262626",
						"text-font":{"color":"#4D4D4D"}
					}
				},
				"dropdown":
				{
					"border-color":"#666666",
					"normal-state":
					{
						"background-color":"#1A1A1A",
						"text-font":{"color":"#CCCCCC"}
					},
					"hover-state":
					{
						"background-color":"#333333",
						"text-font":{"color":"#CCCCCC"}
					},
					"disabled-state":
					{
						"background-color":"#1A1A1A",
						"text-font":{"color":"#4D4D4D"}
					}
				}
			}
		},
		"largebutton":
		{
			"normal-state":
			{
				"border-color":"#1A1A1A",
				"background-color":"#1A1A1A",
				"text-font":{"color":"#CCCCCC"},
				"arrow-image":{"file":"dropdown-arrow-normal.png"}
			},
			"hover-state":
			{
				"border-color":"#1E6EE1",
				"background-color":"#262626",
				"text-font":{"color":"#CCCCCC"},
				"arrow-image":{"file":"dropdown-arrow-normal.png"}
			},
			"checked-state":
			{
				"border-color":"#1E6EE1",
				"background-color":"#262626",
				"text-font":{"color":"#CCCCCC"},
				"arrow-image":{"file":"dropdown-arrow-normal.png"}
			},
			"pressed-state":
			{
				"border-color":"#1E6EE1",
				"background-color":"#121212",
				"text-font":{"color":"#CCCCCC"},
				"arrow-image":{"file":"dropdown-arrow-normal.png"}
			},
			"disabled-state":
			{
				"border-color":"#1A1A1A",
				"background-color":"#1A1A1A",
				"text-font":{"color":"#4D4D4D"},
				"arrow-image":{"file":"dropdown-arrow-disabled.png"}
			}
		},
		"menu":
		{
			"border-color":"#333333",
			"background-color":"#141414",
			"item":
			{
				"normal-state":
				{
					"border-color":"#141414",
					"background-color":"#141414",
					"text-font":{"color":"#CCCCCC"},
					"arrow-image":{"file":"right.png"}
				},
				"hover-state":
				{
					"border-color":"#404040",
					"background-color":"#262626",
					"text-font":{"color":"#CCCCCC"},
					"arrow-image":{"file":"right.png"}
				},
				"checked-state":
				{
					"border-color":"#1E6EE1",
					"background-color":"#121212"
				},
				"pressed-state":
				{
					"border-color":"#333333",
					"background-color":"#121212",
					"text-font":{"color":"#CCCCCC"},
					"arrow-image":{"file":"right.png"}
				},
				"disabled-state":
				{
					"border-color":"#141414",
					"background-color":"#141414",
					"text-font":{"color":"#4D4D4D"},
					"arrow-image":{"file":"right-disable.png"}
				}
			}
		},
		"smallbutton":
		{
			"normal-state":
			{
				"border-color":"#1A1A1A",
				"background-color":"#1A1A1A",
				"text-font":{"color":"#CCCCCC"},
				"arrow-image":{"file":"dropdown-arrow-normal.png"}
			},
			"hover-state":
			{
				"border-color":"#1E6EE1",
				"background-color":"#262626",
				"text-font":{"color":"#CCCCCC"},
				"arrow-image":{"file":"dropdown-arrow-normal.png"}
			},
			"checked-state":
			{
				"border-color":"#1E6EE1",
				"background-color":"#262626",
				"text-font":{"color":"#CCCCCC"},
				"arrow-image":{"file":"dropdown-arrow-normal.png"}
			},
			"pressed-state":
			{
				"border-color":"#1E6EE1",
				"background-color":"#121212",
				"text-font":{"color":"#CCCCCC"},
				"arrow-image":{"file":"dropdown-arrow-normal.png"}
			},
			"disabled-state":
			{
				"border-color":"#1A1A1A",
				"background-color":"#1A1A1A",
				"text-font":{"color":"#4D4D4D"},
				"arrow-image":{"file":"dropdown-arrow-disabled.png"}
			}
		},
		"tabbutton":
		{
			"normal-state":
			{
				"border-color":"#262626",
				"background-color":"#262626",
				"text-font":{"color":"#CCCCCC"},
				"arrow-image":{"file":"dropdown-arrow-normal.png"}
			},
			"hover-state":
			{
				"border-color":"#1E6EE1",
				"background-color":"#4D4D4D",
				"text-font":{"color":"#CCCCCC"},
				"arrow-image":{"file":"dropdown-arrow-normal.png"}
			},
			"checked-state":
			{
				"border-color":"#1E6EE1",
				"background-color":"#262626",
				"text-font":{"color":"#CCCCCC"},
				"arrow-image":{"file":"dropdown-arrow-normal.png"}
			},
			"pressed-state":
			{
				"border-color":"#1E6EE1",
				"background-color":"#121212",
				"text-font":{"color":"#CCCCCC"},
				"arrow-image":{"file":"dropdown-arrow-normal.png"}
			},
			"disabled-state":
			{
				"border-color":"#262626",
				"background-color":"#262626",
				"text-font":{"color":"#4D4D4D"},
				"arrow-image":{"file":"dropdown-arrow-disabled.png"}
			}
		},
		"tooltip":
		{
			"background-color":"#1A1A1A",
			"border-color":"#333333",
			"shadow-color":"#0D0D0D",
			"text-font":{"color":"#CCCCCC"}
		}
	},
	"richtextedit":
	{
		"drawing":true,
		"normal-state":
		{
			"border-color":"#4C4C4C"
		},
		"hover-state":
		{
			"border-color":"#4C4C4C"
		},
		"focused-state":
		{
			"border-color":"#4C4C4C"
		},
		"disabled-state":
		{
			"border-color":"#333333"
		}
	},
	"hscrollbar":
	{
		"drawing":true,
		"groove":
		{
			"height":14,
			"normal-state":
			{
				"background-color":"#404040"
			},
			"disabled-state":
			{
				"background-color":"#404040"
			}
		},
		"thumb":
		{
			"normal-state":
			{
				"background-color":"#666666"
			},
			"hover-state":
			{
				"background-color":"#808080"
			},
			"pressed-state":
			{
				"background-color":"#999999"
			},
			"disabled-state":
			{
				"background-color":"#4D4D4D"
			}
		},
		"sizebox":
		{
			"normal-state":
			{
				"background-color":"#404040"
			},
			"disabled-state":
			{
				"background-color":"#404040"
			}
		},
		"arrow":
		{
			"normal-state":
			{
				"images":
				{
					"left-button":{"file":"hscrollbar-left-button-normal.bmp"},
					"right-button":{"file":"hscrollbar-right-button-normal.bmp"}
				}
			},
			"hover-state":
			{
				"images":
				{
					"left-button":{"file":"hscrollbar-left-button-hover.bmp"},
					"right-button":{"file":"hscrollbar-right-button-hover.bmp"}
				}
			},
			"pressed-state":
			{
				"images":
				{
					"left-button":{"file":"hscrollbar-left-button-pressed.bmp"},
					"right-button":{"file":"hscrollbar-right-button-pressed.bmp"}
				}
			},
			"disabled-state":
			{
				"images":
				{
					"left-button":{"file":"hscrollbar-left-button-disabled.bmp"},
					"right-button":{"file":"hscrollbar-right-button-disabled.bmp"}
				}
			}
		}
	},
	"vscrollbar":
	{
		"drawing":true,
		"groove":
		{
			"width":14,
			"normal-state":
			{
				"background-color":"#404040"
			},
			"disabled-state":
			{
				"background-color":"#404040"
			}
		},
		"thumb":
		{
			"normal-state":
			{
				"background-color":"#666666"
			},
			"hover-state":
			{
				"background-color":"#808080"
			},
			"pressed-state":
			{
				"background-color":"#999999"
			},
			"disabled-state":
			{
				"background-color":"#4D4D4D"
			}
		},
		"sizebox":
		{
			"normal-state":
			{
				"background-color":"#404040"
			},
			"disabled-state":
			{
				"background-color":"#404040"
			}
		},
		"arrow":
		{
			"normal-state":
			{
				"images":
				{
					"top-button":{"file":"vscrollbar-top-button-normal.bmp"},
					"bottom-button":{"file":"vscrollbar-bottom-button-normal.bmp"}
				}
			},
			"hover-state":
			{
				"images":
				{
					"top-button":{"file":"vscrollbar-top-button-hover.bmp"},
					"bottom-button":{"file":"vscrollbar-bottom-button-hover.bmp"}
				}
			},
			"pressed-state":
			{
				"images":
				{
					"top-button":{"file":"vscrollbar-top-button-pressed.bmp"},
					"bottom-button":{"file":"vscrollbar-bottom-button-pressed.bmp"}
				}
			},
			"disabled-state":
			{
				"images":
				{
					"top-button":{"file":"vscrollbar-top-button-disabled.bmp"},
					"bottom-button":{"file":"vscrollbar-bottom-button-disabled.bmp"}
				}
			}
		}
	},
	"singlelineedit":
	{
		"drawing":true,
		"normal-state":
		{
			"border-color":"#4C4C4C",
			"background-color":"#1F1F1F",
			"text-font":{"color":"#CCCCCC"}
		},
		"hover-state":
		{
			"border-color":"#1E6EE1",
			"background-color":"#1F1F1F",
			"text-font":{"color":"#CCCCCC"}
		},
		"focused-state":
		{
			"border-color":"#1E6EE1",
			"background-color":"#1F1F1F",
			"text-font":{"color":"#CCCCCC"}
		},
		"disabled-state":
		{
			"border-color":"#404040",
			"background-color":"#242424"
		},
		"placeholder":
		{
			"text-font":{"color":"#999999"}
		}
	},
	"statichyperlink":
	{
		"drawing":true,
		"border":0,
		"background-transparent":true,
		"normal-state":
		{
			"background-color":"#262626",
			"text-font":{"color":"#1E6EE1"}
		},
		"disabled-state":
		{
			"background-color":"#262626",
			"text-font":{"color":"#283C64"}
		}
	},
	"statictext":
	{
		"drawing":true,
		"border":0,
		"background-transparent":true,
		"normal-state":
		{
			"background-color":"#262626",
			"text-font":{"color":"#CCCCCC"}
		},
		"disabled-state":
		{
			"background-color":"#262626",
			"text-font":{"color":"#4D4D4D"}
		}
	},
	"tab":
	{
		"drawing":true,
		"background-color":"#262626",
		"navigator":
		{
			"normal-state":
			{
				"background-color":"#262626",
				"text-font":{"color":"#CCCCCC"}
			},
			"hover-state":
			{
				"background-color":"#404040",
				"text-font":{"color":"#CCCCCC"}
			},
			"focused-state":
			{
				"background-color":"#1E6EE1",
				"text-font":{"color":"#FFFFFF"}
			},
			"selected-state":
			{
				"background-color":"#1E6EE1",
				"text-font":{"color":"#FFFFFF"}
			},
			"disabled-state":
			{
				"background-color":"#262626",
				"text-font":{"color":"#4D4D4D"}
			}
		},
		"page":
		{
			"border-color":"#2E2E2E",
			"separator-width":2,
			"separator-color":"#1E6EE1",
			"background-color":"#2E2E2E"
		},
		"spin":
		{
			"normal-state":
			{
				"images":
				{
					"top-button":{"file":"tab-spin-top-button-normal.bmp"},
					"bottom-button":{"file":"tab-spin-bottom-button-normal.bmp"},
					"left-button":{"file":"tab-spin-left-button-normal.bmp"},
					"right-button":{"file":"tab-spin-right-button-normal.bmp"}
				}
			},
			"hover-state":
			{
				"images":
				{
					"top-button":{"file":"tab-spin-top-button-hover.bmp"},
					"bottom-button":{"file":"tab-spin-bottom-button-hover.bmp"},
					"left-button":{"file":"tab-spin-left-button-hover.bmp"},
					"right-button":{"file":"tab-spin-right-button-hover.bmp"}
				}
			},
			"pressed-state":
			{
				"images":
				{
					"top-button":{"file":"tab-spin-top-button-pressed.bmp"},
					"bottom-button":{"file":"tab-spin-bottom-button-pressed.bmp"},
					"left-button":{"file":"tab-spin-left-button-pressed.bmp"},
					"right-button":{"file":"tab-spin-right-button-pressed.bmp"}
				}
			},
			"disabled-state":
			{
				"images":
				{
					"top-button":{"file":"tab-spin-top-button-disabled.bmp"},
					"bottom-button":{"file":"tab-spin-bottom-button-disabled.bmp"},
					"left-button":{"file":"tab-spin-left-button-disabled.bmp"},
					"right-button":{"file":"tab-spin-right-button-disabled.bmp"}
				}
			}
		}
	},
	"htrackbar":
	{
		"drawing":true,
		"normal-state":
		{
			"background-color":"#262626"
		},
		"slider":
		{
			"normal-state":
			{
				"foreground-color":"#1E6EE1",
				"background-color":"#404040"
			}
		},
		"thumb":
		{
			"normal-state":
			{
				"images":
				{
					"top-thumb":{"file":"htrackbar-top-thumb-normal.png"},
					"bottom-thumb":{"file":"htrackbar-bottom-thumb-normal.png"},
					"both-thumb":{"file":"htrackbar-both-thumb-normal.png"}
				}
			},
			"hover-state":
			{
				"images":
				{
					"top-thumb":{"file":"htrackbar-top-thumb-hover.png"},
					"bottom-thumb":{"file":"htrackbar-bottom-thumb-hover.png"},
					"both-thumb":{"file":"htrackbar-both-thumb-hover.png"}
				}
			},
			"pressed-state":
			{
				"images":
				{
					"top-thumb":{"file":"htrackbar-top-thumb-pressed.png"},
					"bottom-thumb":{"file":"htrackbar-bottom-thumb-pressed.png"},
					"both-thumb":{"file":"htrackbar-both-thumb-pressed.png"}
				}
			}
		}
	},
	"vtrackbar":
	{
		"drawing":true,
		"normal-state":
		{
			"background-color":"#262626"
		},
		"slider":
		{
			"normal-state":
			{
				"foreground-color":"#1E6EEA",
				"background-color":"#404040"
			}
		},
		"thumb":
		{
			"normal-state":
			{
				"images":
				{
					"left-thumb":{"file":"vtrackbar-left-thumb-normal.png"},
					"right-thumb":{"file":"vtrackbar-right-thumb-normal.png"},
					"both-thumb":{"file":"vtrackbar-both-thumb-normal.png"}
				}
			},
			"hover-state":
			{
				"images":
				{
					"left-thumb":{"file":"vtrackbar-left-thumb-hover.png"},
					"right-thumb":{"file":"vtrackbar-right-thumb-hover.png"},
					"both-thumb":{"file":"vtrackbar-both-thumb-hover.png"}
				}
			},
			"pressed-state":
			{
				"images":
				{
					"left-thumb":{"file":"vtrackbar-left-thumb-pressed.png"},
					"right-thumb":{"file":"vtrackbar-right-thumb-pressed.png"},
					"both-thumb":{"file":"vtrackbar-both-thumb-pressed.png"}
				}
			}
		}
	},
	"treeview":
	{
		"drawing":true,
		"normal-state":
		{
			"border-color":"#4C4C4C",
			"background-color":"#1F1F1F"
		},
		"hover-state":
		{
			"border-color":"#4C4C4C",
			"background-color":"#1F1F1F"
		},
		"disabled-state":
		{
			"border-color":"#404040",
			"background-color":"#242424"
		},
		"item":
		{
			"normal-state":
			{
				"background-color":"#1F1F1F",
				"text-font":{"color":"#CCCCCC"}
			},
			"hover-state":
			{
				"background-color":"#333333",
				"text-font":{"color":"#CCCCCC"}
			},
			"selected-state":
			{
				"background-color":"#4D4D4D",
				"text-font":{"color":"#CCCCCC"}
			},
			"disabled-state":
			{
				"background-color":"#242424",
				"text-font":{"color":"#4D4D4D"}
			}
		},
		"checkbox":
		{
			"normal-state":
			{
				"images":
				{
					"unchecked":{"file":"treeview-checkbox-unchecked.ico"},
					"checked":{"file":"treeview-checkbox-checked.ico"}
				}
			}
		},
		"button":
		{
			"normal-state":
			{
				"images":
				{
					"unexpanded":{"file":"treeview-button-unexpanded.png"},
					"expanded":{"file":"treeview-button-expanded.png"}
				}
			}
		}
	},
	"userobject":
	{
		"drawing":true,
		"default-style":true,
		"normal-state":
		{
			"background-color":"#262626",
			"border-color":"#4C4C4C"
		},
		"disabled-state":
		{
			"background-color":"#262626",
			"border-color":"#333333"
		}
	},
	"webbrowser":
	{
		"drawing":true,
		"normal-state":
		{
			"border-color":"#4C4C4C"
		}
	},	
	"window":
	{
		"drawing":true,
		"background-color":"#262626",
		"title":
		{
			"active-state":
			{
				"background-color":"#262626",
				"text-font":{"color":"#262626"}
			},
			"inactive-state":
			{
				"background-color":"#262626",
				"text-font":{"color":"#262626"}
			}
		},
		"border":
		{
			"margin":[1,30,1,1],
			"active-state":
			{
				"border-color":"#1E6EE1"
			},
			"inactive-state":
			{
				"border-color":"#4C4C4C"
			}
		},
		"mdiclient":
		{
			"background-color":"#141414"
		},
		"min-button":
		{
			"normal-state":
			{
				"button-image":{"file":"window-min-button-normal.bmp"}
			},
			"hover-state":
			{
				"button-image":{"file":"window-min-button-hover.bmp"}
			},
			"pressed-state":
			{
				"button-image":{"file":"window-min-button-pressed.bmp"}
			},
			"disabled-state":
			{
				"button-image":{"file":"window-min-button-disabled.bmp"}
			},
			"inactive-state":
			{
				"button-image":{"file":"window-min-button-inactive.bmp"}
			}
		},
		"max-button":
		{
			"normal-state":
			{
				"button-image":{"file":"window-max-button-normal.bmp"}
			},
			"hover-state":
			{
				"button-image":{"file":"window-max-button-hover.bmp"}
			},
			"pressed-state":
			{
				"button-image":{"file":"window-max-button-pressed.bmp"}
			},
			"disabled-state":
			{
				"button-image":{"file":"window-max-button-disabled.bmp"}
			},
			"inactive-state":
			{
				"button-image":{"file":"window-max-button-inactive.bmp"}
			}
		},
		"restore-button":
		{
			"normal-state":
			{
				"button-image":{"file":"window-restore-button-normal.bmp"}
			},
			"hover-state":
			{
				"button-image":{"file":"window-restore-button-hover.bmp"}
			},
			"pressed-state":
			{
				"button-image":{"file":"window-restore-button-pressed.bmp"}
			},
			"disabled-state":
			{
				"button-image":{"file":"window-restore-button-disabled.bmp"}
			},
			"inactive-state":
			{
				"button-image":{"file":"window-restore-button-inactive.bmp"}
			}
		},
		"close-button":
		{
			"normal-state":
			{
				"button-image":{"file":"window-close-button-normal.bmp"}
			},
			"hover-state":
			{
				"button-image":{"file":"window-close-button-hover.bmp"}
			},
			"pressed-state":
			{
				"button-image":{"file":"window-close-button-pressed.bmp"}
			},
			"disabled-state":
			{
				"button-image":{"file":"window-close-button-disabled.bmp"}
			},
			"inactive-state":
			{
				"button-image":{"file":"window-close-button-inactive.bmp"}
			}
		},
		"help-button":
		{
			"normal-state":
			{
				"button-image":{"file":"window-help-button-normal.bmp"}
			},
			"hover-state":
			{
				"button-image":{"file":"window-help-button-hover.bmp"}
			},
			"pressed-state":
			{
				"button-image":{"file":"window-help-button-pressed.bmp"}
			},
			"disabled-state":
			{
				"button-image":{"file":"window-help-button-disabled.bmp"}
			},
			"inactive-state":
			{
				"button-image":{"file":"window-help-button-inactive.bmp"}
			}
		}
	}
}
