[{"addressid":33,"addressline1":"10203 Acorn Avenue","addressline2":"QQ12","city":"Calgary","stateprovinceid":1,"postalcode":"T2P 2G8","modifieddate":"2019-02-28 14:31:51.130000"},{"addressid":451,"addressline1":"2512-4th Ave Sw","addressline2":"","city":"Calgary","stateprovinceid":1,"postalcode":"T2P 2G8","modifieddate":"2012-10-30 00:00:00"},{"addressid":466,"addressline1":"655-4th Ave S.W.","addressline2":null,"city":"Calgary","stateprovinceid":1,"postalcode":"T2P 2G8","modifieddate":"2011-07-01 00:00:00"},{"addressid":487,"addressline1":"9259 - 1110th Avenue Sw","addressline2":"11","city":"Calgary","stateprovinceid":1,"postalcode":"T2P 2G8","modifieddate":"2012-07-31 00:00:00"},{"addressid":502,"addressline1":"No. 25400 10665 Jasper Avenue","addressline2":null,"city":"Edmonton","stateprovinceid":1,"postalcode":"T5","modifieddate":"2012-06-30 00:00:00"},{"addressid":504,"addressline1":"Suite 99320 255 - 510th Avenue S.W.","addressline2":null,"city":"Calgary","stateprovinceid":1,"postalcode":"T2P 2G8","modifieddate":"2011-07-01 00:00:00"},{"addressid":505,"addressline1":"6400, 888 - 3rd Avenue","addressline2":null,"city":"Calgary","stateprovinceid":1,"postalcode":"T2P 2G8","modifieddate":"2011-07-01 00:00:00"},{"addressid":519,"addressline1":"2500-622 5th Ave Sw","addressline2":null,"city":"Calgary","stateprovinceid":1,"postalcode":"T2P 2G8","modifieddate":"2012-06-30 00:00:00"},{"addressid":526,"addressline1":"251420a 170th Street","addressline2":"222","city":"Edmonton","stateprovinceid":1,"postalcode":"T5","modifieddate":"2012-05-30 00:00:00"},{"addressid":546,"addressline1":"250333 Southport Road, S.W.","addressline2":null,"city":"Calgary","stateprovinceid":1,"postalcode":"T2P 2G8","modifieddate":"2013-06-30 00:00:00"},{"addressid":553,"addressline1":"253131 Lake Frasier Drive, Office No. 2","addressline2":null,"city":"Calgary","stateprovinceid":1,"postalcode":"T2P 2G8","modifieddate":"2011-07-01 00:00:00"},{"addressid":558,"addressline1":"67255 - 8th Street N.E., Suite 350","addressline2":null,"city":"Calgary","stateprovinceid":1,"postalcode":"T2P 2G8","modifieddate":"2012-10-30 00:00:00"},{"addressid":12827,"addressline1":"6350 Plumas Court","addressline2":null,"city":"Calgary","stateprovinceid":1,"postalcode":"T2P 2G8","modifieddate":"2014-03-10 00:00:00"},{"addressid":13528,"addressline1":"5831 Mountain View Place","addressline2":null,"city":"Calgary","stateprovinceid":1,"postalcode":"T2P 2G8","modifieddate":"2013-09-16 00:00:00"},{"addressid":13975,"addressline1":"6827 Glaze Dr.","addressline2":null,"city":"Calgary","stateprovinceid":1,"postalcode":"T2P 2G8","modifieddate":"2011-11-18 00:00:00"},{"addressid":15731,"addressline1":"4900 La Salle St.","addressline2":null,"city":"Calgary","stateprovinceid":1,"postalcode":"T2P 2G8","modifieddate":"2013-07-14 00:00:00"},{"addressid":16208,"addressline1":"1936 Balance Ct","addressline2":null,"city":"Calgary","stateprovinceid":1,"postalcode":"T2P 2G8","modifieddate":"2012-06-05 00:00:00"},{"addressid":19745,"addressline1":"4605 Springvale Court","addressline2":null,"city":"Calgary","stateprovinceid":1,"postalcode":"T2P 2G8","modifieddate":"2013-11-15 00:00:00"},{"addressid":20011,"addressline1":"1273 Deetmeadow Way","addressline2":null,"city":"Calgary","stateprovinceid":1,"postalcode":"T2P 2G8","modifieddate":"2013-12-23 00:00:00"},{"addressid":20116,"addressline1":"6155 Vist Oak Dr","addressline2":null,"city":"Calgary","stateprovinceid":1,"postalcode":"T2P 2G8","modifieddate":"2012-06-06 00:00:00"},{"addressid":21055,"addressline1":"8892 Oak Grove Road","addressline2":"","city":"Calgary","stateprovinceid":1,"postalcode":"T2P 2G8","modifieddate":"2012-05-26 00:00:00"},{"addressid":21858,"addressline1":"5860 Rock Creek Pl.","addressline2":"","city":"Calgary","stateprovinceid":1,"postalcode":"T2P 2G8","modifieddate":"2014-05-07 00:00:00"}]
