{
  "id": "2456484",
  "name": "后台图标库",
  "font_family": "iconfont",
  "css_prefix_text": "icon-",
  "description": "",
  "glyphs": [
    {
      "icon_id": "8479676",
      "name": "发票管理",
      "font_class": "fapiaoguanli",
      "unicode": "e649",
      "unicode_decimal": 58953
    },
    {
      "icon_id": "8479677",
      "name": "大包装",
      "font_class": "dabaozhuang",
      "unicode": "e64a",
      "unicode_decimal": 58954
    },
    {
      "icon_id": "8479681",
      "name": "购买",
      "font_class": "goumai1",
      "unicode": "e64b",
      "unicode_decimal": 58955
    },
    {
      "icon_id": "8479682",
      "name": "MSDS",
      "font_class": "MSDS1",
      "unicode": "e74c",
      "unicode_decimal": 59212
    },
    {
      "icon_id": "8479685",
      "name": "物流",
      "font_class": "wuliu",
      "unicode": "e64d",
      "unicode_decimal": 58957
    },
    {
      "icon_id": "8479686",
      "name": "动态",
      "font_class": "dongtai",
      "unicode": "e64e",
      "unicode_decimal": 58958
    },
    {
      "icon_id": "8479690",
      "name": "COA",
      "font_class": "COA1",
      "unicode": "e64f",
      "unicode_decimal": 58959
    },
    {
      "icon_id": "8479693",
      "name": "支付",
      "font_class": "zhifu",
      "unicode": "e650",
      "unicode_decimal": 58960
    },
    {
      "icon_id": "8479695",
      "name": "化工订购",
      "font_class": "huagongdinggou",
      "unicode": "e951",
      "unicode_decimal": 59729
    },
    {
      "icon_id": "8479696",
      "name": "赞，推荐",
      "font_class": "zantuijian",
      "unicode": "e652",
      "unicode_decimal": 58962
    },
    {
      "icon_id": "8479721",
      "name": "化工购物车",
      "font_class": "huagonggouwuche",
      "unicode": "e653",
      "unicode_decimal": 58963
    },
    {
      "icon_id": "8479722",
      "name": "我的2",
      "font_class": "wode1",
      "unicode": "e654",
      "unicode_decimal": 58964
    },
    {
      "icon_id": "8869275",
      "name": "shop",
      "font_class": "shop",
      "unicode": "e655",
      "unicode_decimal": 58965
    },
    {
      "icon_id": "8869280",
      "name": "tide",
      "font_class": "tide",
      "unicode": "e656",
      "unicode_decimal": 58966
    },
    {
      "icon_id": "8869319",
      "name": "shangc",
      "font_class": "shangc",
      "unicode": "e657",
      "unicode_decimal": 58967
    },
    {
      "icon_id": "8869320",
      "name": "chaoshi",
      "font_class": "chaoshi",
      "unicode": "e658",
      "unicode_decimal": 58968
    },
    {
      "icon_id": "8912107",
      "name": "订 单",
      "font_class": "dingdan1",
      "unicode": "e659",
      "unicode_decimal": 58969
    },
    {
      "icon_id": "9189103",
      "name": "部署",
      "font_class": "bushu",
      "unicode": "e65a",
      "unicode_decimal": 58970
    },
    {
      "icon_id": "9189106",
      "name": "前端开发",
      "font_class": "qianduankaifa",
      "unicode": "e65c",
      "unicode_decimal": 58972
    },
    {
      "icon_id": "9189108",
      "name": "合同",
      "font_class": "hetong",
      "unicode": "e65e",
      "unicode_decimal": 58974
    },
    {
      "icon_id": "9189109",
      "name": "部署",
      "font_class": "bushu1",
      "unicode": "e65f",
      "unicode_decimal": 58975
    },
    {
      "icon_id": "9189110",
      "name": "测试",
      "font_class": "ceshi",
      "unicode": "e660",
      "unicode_decimal": 58976
    },
    {
      "icon_id": "9189111",
      "name": "运营",
      "font_class": "yunying",
      "unicode": "e661",
      "unicode_decimal": 58977
    },
    {
      "icon_id": "9189112",
      "name": "后端开发",
      "font_class": "houduankaifa",
      "unicode": "e962",
      "unicode_decimal": 59746
    },
    {
      "icon_id": "9234826",
      "name": "验证码",
      "font_class": "yanzhengma",
      "unicode": "e663",
      "unicode_decimal": 58979
    },
    {
      "icon_id": "9234827",
      "name": "待发货",
      "font_class": "daifahuo",
      "unicode": "e664",
      "unicode_decimal": 58980
    },
    {
      "icon_id": "9234828",
      "name": "已完成",
      "font_class": "yiwancheng",
      "unicode": "e765",
      "unicode_decimal": 59237
    },
    {
      "icon_id": "9234830",
      "name": "地址",
      "font_class": "dizhi",
      "unicode": "e666",
      "unicode_decimal": 58982
    },
    {
      "icon_id": "9234831",
      "name": "待付 款",
      "font_class": "daifukuan",
      "unicode": "e667",
      "unicode_decimal": 58983
    },
    {
      "icon_id": "9234833",
      "name": "关于",
      "font_class": "guanyu",
      "unicode": "e668",
      "unicode_decimal": 58984
    },
    {
      "icon_id": "9234834",
      "name": "待收货",
      "font_class": "daishouhuo",
      "unicode": "e669",
      "unicode_decimal": 58985
    },
    {
      "icon_id": "9234835",
      "name": "分享",
      "font_class": "fenxiang1",
      "unicode": "e66a",
      "unicode_decimal": 58986
    },
    {
      "icon_id": "9234836",
      "name": "我的2",
      "font_class": "wode2",
      "unicode": "e66b",
      "unicode_decimal": 58987
    },
    {
      "icon_id": "9234837",
      "name": "化工分类",
      "font_class": "huagongfenlei",
      "unicode": "e66c",
      "unicode_decimal": 58988
    },
    {
      "icon_id": "9234838",
      "name": "密码 ",
      "font_class": "mima1",
      "unicode": "e66d",
      "unicode_decimal": 58989
    },
    {
      "icon_id": "9234841",
      "name": "化工首页",
      "font_class": "huagongshouye",
      "unicode": "e66e",
      "unicode_decimal": 58990
    },
    {
      "icon_id": "9234842",
      "name": "发票管理",
      "font_class": "fapiaoguanli1",
      "unicode": "e66f",
      "unicode_decimal": 58991
    },
    {
      "icon_id": "9234843",
      "name": "客服",
      "font_class": "kefu2",
      "unicode": "e670",
      "unicode_decimal": 58992
    },
    {
      "icon_id": "9234845",
      "name": "化工购物车",
      "font_class": "huagonggouwuche1",
      "unicode": "e671",
      "unicode_decimal": 58993
    },
    {
      "icon_id": "9234846",
      "name": "设置",
      "font_class": "shezhi1",
      "unicode": "e672",
      "unicode_decimal": 58994
    },
    {
      "icon_id": "9243944",
      "name": "消息",
      "font_class": "xiaoxi",
      "unicode": "e673",
      "unicode_decimal": 58995
    },
    {
      "icon_id": "9289130",
      "name": "化工",
      "font_class": "huagong",
      "unicode": "e674",
      "unicode_decimal": 58996
    },
    {
      "icon_id": "9690751",
      "name": "地址",
      "font_class": "dizhi1",
      "unicode": "e675",
      "unicode_decimal": 58997
    },
    {
      "icon_id": "9690752",
      "name": "通话",
      "font_class": "tonghua",
      "unicode": "e676",
      "unicode_decimal": 58998
    },
    {
      "icon_id": "9690755",
      "name": "邮箱",
      "font_class": "youxiang",
      "unicode": "e677",
      "unicode_decimal": 58999
    },
    {
      "icon_id": "9748076",
      "name": "教育",
      "font_class": "jiaoyu",
      "unicode": "e678",
      "unicode_decimal": 59000
    },
    {
      "icon_id": "9748077",
      "name": "金融",
      "font_class": "jinrong",
      "unicode": "e679",
      "unicode_decimal": 59001
    },
    {
      "icon_id": "9748078",
      "name": "企业OA",
      "font_class": "qiyeOA",
      "unicode": "e67a",
      "unicode_decimal": 59002
    },
    {
      "icon_id": "9748079",
      "name": "客服",
      "font_class": "kefu3",
      "unicode": "e67b",
      "unicode_decimal": 59003
    },
    {
      "icon_id": "9748080",
      "name": "酒店",
      "font_class": "jiudian",
      "unicode": "e67c",
      "unicode_decimal": 59004
    },
    {
      "icon_id": "9748082",
      "name": "旅游",
      "font_class": "lvyou",
      "unicode": "e67d",
      "unicode_decimal": 59005
    },
    {
      "icon_id": "9748083",
      "name": "稳定性强",
      "font_class": "wendingxingqiang",
      "unicode": "e67e",
      "unicode_decimal": 59006
    },
    {
      "icon_id": "9748084",
      "name": "可编辑",
      "font_class": "kebianji",
      "unicode": "e67f",
      "unicode_decimal": 59007
    },
    {
      "icon_id": "9748085",
      "name": "商城",
      "font_class": "shangcheng",
      "unicode": "e680",
      "unicode_decimal": 59008
    },
    {
      "icon_id": "9748086",
      "name": "全部评论",
      "font_class": "quanbupinglun",
      "unicode": "e681",
      "unicode_decimal": 59009
    },
    {
      "icon_id": "9748096",
      "name": "安全",
      "font_class": "anquan",
      "unicode": "e682",
      "unicode_decimal": 59010
    },
    {
      "icon_id": "9748097",
      "name": "招聘",
      "font_class": "zhaopin",
      "unicode": "e683",
      "unicode_decimal": 59011
    },
    {
      "icon_id": "9748098",
      "name": "营销",
      "font_class": "yingxiao",
      "unicode": "e684",
      "unicode_decimal": 59012
    },
    {
      "icon_id": "9748106",
      "name": "测试",
      "font_class": "ceshi1",
      "unicode": "e685",
      "unicode_decimal": 59013
    },
    {
      "icon_id": "9748108",
      "name": "运营",
      "font_class": "yunying1",
      "unicode": "e686",
      "unicode_decimal": 59014
    },
    {
      "icon_id": "9748109",
      "name": "电脑",
      "font_class": "diannao",
      "unicode": "e687",
      "unicode_decimal": 59015
    },
    {
      "icon_id": "9748114",
      "name": "合同",
      "font_class": "hetong1",
      "unicode": "e688",
      "unicode_decimal": 59016
    },
    {
      "icon_id": "9829618",
      "name": "公众号",
      "font_class": "gongzhonghao",
      "unicode": "e689",
      "unicode_decimal": 59017
    },
    {
      "icon_id": "9836870",
      "name": "校园",
      "font_class": "xiaoyuan",
      "unicode": "e68a",
      "unicode_decimal": 59018
    },
    {
      "icon_id": "9836871",
      "name": "订货规模",
      "font_class": "dinghuoguimo",
      "unicode": "e68b",
      "unicode_decimal": 59019
    },
    {
      "icon_id": "9836968",
      "name": "医疗",
      "font_class": "yiliao1",
      "unicode": "e68c",
      "unicode_decimal": 59020
    },
    {
      "icon_id": "10187050",
      "name": "新闻",
      "font_class": "xinwen",
      "unicode": "e68d",
      "unicode_decimal": 59021
    },
    {
      "icon_id": "10841487",
      "name": "ins",
      "font_class": "ins",
      "unicode": "e68e",
      "unicode_decimal": 59022
    },
    {
      "icon_id": "11806235",
      "name": "宠物首页",
      "font_class": "chongwushouye",
      "unicode": "e68f",
      "unicode_decimal": 59023
    },
    {
      "icon_id": "11834347",
      "name": "品质",
      "font_class": "pinzhi",
      "unicode": "e690",
      "unicode_decimal": 59024
    },
    {
      "icon_id": "11834349",
      "name": "环保",
      "font_class": "huanbao",
      "unicode": "e691",
      "unicode_decimal": 59025
    },
    {
      "icon_id": "11834355",
      "name": "保护伞",
      "font_class": "baohusan",
      "unicode": "e692",
      "unicode_decimal": 59026
    },
    {
      "icon_id": "11834356",
      "name": "质量-3",
      "font_class": "zhiliang-",
      "unicode": "e693",
      "unicode_decimal": 59027
    },
    {
      "icon_id": "11834359",
      "name": "施工",
      "font_class": "shigong",
      "unicode": "e694",
      "unicode_decimal": 59028
    },
    {
      "icon_id": "11834360",
      "name": "使命",
      "font_class": "shiming",
      "unicode": "e695",
      "unicode_decimal": 59029
    },
    {
      "icon_id": "12129914",
      "name": "排序-2",
      "font_class": "paixu-",
      "unicode": "e696",
      "unicode_decimal": 59030
    },
    {
      "icon_id": "12129917",
      "name": "排序-1",
      "font_class": "paixu-1",
      "unicode": "e697",
      "unicode_decimal": 59031
    },
    {
      "icon_id": "12129919",
      "name": "评论",
      "font_class": "pinglun1",
      "unicode": "e698",
      "unicode_decimal": 59032
    },
    {
      "icon_id": "12129931",
      "name": "地点",
      "font_class": "didian",
      "unicode": "e699",
      "unicode_decimal": 59033
    },
    {
      "icon_id": "12129935",
      "name": "服务",
      "font_class": "fuwu1",
      "unicode": "e69a",
      "unicode_decimal": 59034
    },
    {
      "icon_id": "13248779",
      "name": "搜索",
      "font_class": "sousuo2",
      "unicode": "e69b",
      "unicode_decimal": 59035
    },
    {
      "icon_id": "14138569",
      "name": "设置",
      "font_class": "shezhi2",
      "unicode": "e69c",
      "unicode_decimal": 59036
    },
    {
      "icon_id": "14138579",
      "name": "洋酒",
      "font_class": "yangjiu",
      "unicode": "e69d",
      "unicode_decimal": 59037
    },
    {
      "icon_id": "14768433",
      "name": "QQ (1)",
      "font_class": "QQ1",
      "unicode": "e69e",
      "unicode_decimal": 59038
    },
    {
      "icon_id": "14768439",
      "name": "电话",
      "font_class": "dianhua",
      "unicode": "e69f",
      "unicode_decimal": 59039
    },
    {
      "icon_id": "15765356",
      "name": "花支",
      "font_class": "huazhi",
      "unicode": "e6a0",
      "unicode_decimal": 59040
    },
    {
      "icon_id": "15765371",
      "name": "效果优秀",
      "font_class": "xiaoguoyouxiu",
      "unicode": "e6a1",
      "unicode_decimal": 59041
    },
    {
      "icon_id": "15765372",
      "name": "验证码",
      "font_class": "yanzhengma1",
      "unicode": "e6a2",
      "unicode_decimal": 59042
    },
    {
      "icon_id": "16618969",
      "name": "待付 款",
      "font_class": "daifukuan1",
      "unicode": "e9b2",
      "unicode_decimal": 59826
    },
    {
      "icon_id": "16618982",
      "name": "领券",
      "font_class": "lingquan",
      "unicode": "e9b3",
      "unicode_decimal": 59827
    },
    {
      "icon_id": "16619106",
      "name": "电 话",
      "font_class": "dianhua1",
      "unicode": "e6b4",
      "unicode_decimal": 59060
    },
    {
      "icon_id": "20377358",
      "name": "icon-0.2展开",
      "font_class": "icon-02zhankai",
      "unicode": "e6a3",
      "unicode_decimal": 59043
    },
    {
      "icon_id": "20377359",
      "name": "icon-0.1收回",
      "font_class": "icon-01shouhui",
      "unicode": "e6a4",
      "unicode_decimal": 59044
    },
    {
      "icon_id": "20377360",
      "name": "icon-1.15产品分红",
      "font_class": "icon-115chanpinfenhong",
      "unicode": "e6a5",
      "unicode_decimal": 59045
    },
    {
      "icon_id": "20377361",
      "name": "icon-1.12产品募集",
      "font_class": "icon-112chanpinmuji",
      "unicode": "e6a6",
      "unicode_decimal": 59046
    },
    {
      "icon_id": "20377362",
      "name": "icon-1.11产品准入",
      "font_class": "icon-111chanpinzhunru",
      "unicode": "e6a7",
      "unicode_decimal": 59047
    },
    {
      "icon_id": "20377363",
      "name": "icon-1.40产品文档管理",
      "font_class": "icon-140chanpinwendangguanli",
      "unicode": "e6a8",
      "unicode_decimal": 59048
    },
    {
      "icon_id": "20377364",
      "name": "icon-1.10生命周期",
      "font_class": "icon-110shengmingzhouqi",
      "unicode": "e6a9",
      "unicode_decimal": 59049
    },
    {
      "icon_id": "20377365",
      "name": "icon-1.20产品总览",
      "font_class": "icon-120chanpinzonglan",
      "unicode": "e6aa",
      "unicode_decimal": 59050
    },
    {
      "icon_id": "20377366",
      "name": "icon-1.13产品成立",
      "font_class": "icon-113chanpinchengli",
      "unicode": "e6ab",
      "unicode_decimal": 59051
    },
    {
      "icon_id": "2048515",
      "name": "刑法执行",
      "font_class": "xingfazhihang",
      "unicode": "e638",
      "unicode_decimal": 58936
    },
    {
      "icon_id": "7443936",
      "name": "我的",
      "font_class": "wode",
      "unicode": "e639",
      "unicode_decimal": 58937
    },
    {
      "icon_id": "7443937",
      "name": "上传",
      "font_class": "shangchuan1",
      "unicode": "e63a",
      "unicode_decimal": 58938
    },
    {
      "icon_id": "8297578",
      "name": "COA",
      "font_class": "COA",
      "unicode": "e63b",
      "unicode_decimal": 58939
    },
    {
      "icon_id": "8297579",
      "name": "化工售后",
      "font_class": "huagongshouhou",
      "unicode": "e63c",
      "unicode_decimal": 58940
    },
    {
      "icon_id": "8297580",
      "name": "搜索",
      "font_class": "sousuo1",
      "unicode": "e63d",
      "unicode_decimal": 58941
    },
    {
      "icon_id": "8297581",
      "name": "客服",
      "font_class": "kefu1",
      "unicode": "e643",
      "unicode_decimal": 58947
    },
    {
      "icon_id": "8297585",
      "name": "MSDS",
      "font_class": "MSDS",
      "unicode": "e644",
      "unicode_decimal": 58948
    },
    {
      "icon_id": "8297586",
      "name": "购买",
      "font_class": "goumai",
      "unicode": "e645",
      "unicode_decimal": 58949
    },
    {
      "icon_id": "8297587",
      "name": "购物车",
      "font_class": "gouwuche1",
      "unicode": "e646",
      "unicode_decimal": 58950
    },
    {
      "icon_id": "8297589",
      "name": "促销",
      "font_class": "cuxiao",
      "unicode": "e647",
      "unicode_decimal": 58951
    },
    {
      "icon_id": "8297590",
      "name": "化工产品",
      "font_class": "huagongchanpin",
      "unicode": "e648",
      "unicode_decimal": 58952
    },
    {
      "icon_id": "19904279",
      "name": "订单取消_icon",
      "font_class": "quxiaodingdan_icon",
      "unicode": "e601",
      "unicode_decimal": 58881
    },
    {
      "icon_id": "19904373",
      "name": "订单完成_icon",
      "font_class": "dingdanwancheng_icon",
      "unicode": "e602",
      "unicode_decimal": 58882
    },
    {
      "icon_id": "19904376",
      "name": "订单详情_icon",
      "font_class": "dingdanxiangqing_icon",
      "unicode": "e603",
      "unicode_decimal": 58883
    },
    {
      "icon_id": "19904377",
      "name": "隐藏_icon",
      "font_class": "yincang_icon",
      "unicode": "e604",
      "unicode_decimal": 58884
    },
    {
      "icon_id": "19904381",
      "name": "显示_icon",
      "font_class": "xianshi_icon",
      "unicode": "e605",
      "unicode_decimal": 58885
    },
    {
      "icon_id": "19904383",
      "name": "退回_icon",
      "font_class": "tuihui_icon",
      "unicode": "e606",
      "unicode_decimal": 58886
    },
    {
      "icon_id": "19904388",
      "name": "去使用_icon",
      "font_class": "qushiyong_icon",
      "unicode": "e607",
      "unicode_decimal": 58887
    },
    {
      "icon_id": "19904731",
      "name": "下架_icon",
      "font_class": "xiajia_icon",
      "unicode": "e608",
      "unicode_decimal": 58888
    },
    {
      "icon_id": "19904732",
      "name": "上架_icon",
      "font_class": "shangjia_icon",
      "unicode": "e609",
      "unicode_decimal": 58889
    },
    {
      "icon_id": "19905437",
      "name": "绑定手机_icon",
      "font_class": "bangdingshouji_icon",
      "unicode": "e60a",
      "unicode_decimal": 58890
    },
    {
      "icon_id": "19905438",
      "name": "客服_icon",
      "font_class": "kefu_icon",
      "unicode": "e60b",
      "unicode_decimal": 58891
    },
    {
      "icon_id": "19905439",
      "name": "我的_icon",
      "font_class": "wode_icon",
      "unicode": "e60c",
      "unicode_decimal": 58892
    },
    {
      "icon_id": "19905440",
      "name": "收藏_icon",
      "font_class": "shoucang_icon",
      "unicode": "e60d",
      "unicode_decimal": 58893
    },
    {
      "icon_id": "19905441",
      "name": "店铺_icon",
      "font_class": "dianpu_icon",
      "unicode": "e60e",
      "unicode_decimal": 58894
    },
    {
      "icon_id": "19905442",
      "name": "竞价_icon",
      "font_class": "jingjia_icon",
      "unicode": "e60f",
      "unicode_decimal": 58895
    },
    {
      "icon_id": "19905443",
      "name": "支付_icon",
      "font_class": "zhifu_icon",
      "unicode": "e610",
      "unicode_decimal": 58896
    },
    {
      "icon_id": "19905444",
      "name": "支付认证_icon",
      "font_class": "zhifurenzheng_icon",
      "unicode": "e611",
      "unicode_decimal": 58897
    },
    {
      "icon_id": "19905445",
      "name": "续费_icon",
      "font_class": "xufei_icon",
      "unicode": "e612",
      "unicode_decimal": 58898
    },
    {
      "icon_id": "19905446",
      "name": "余额_icon",
      "font_class": "yue_icon",
      "unicode": "e613",
      "unicode_decimal": 58899
    },
    {
      "icon_id": "19905621",
      "name": "定位_icon",
      "font_class": "dingwei_icon",
      "unicode": "e614",
      "unicode_decimal": 58900
    },
    {
      "icon_id": "20335790",
      "name": "电话_icon ",
      "font_class": "dianhua_icon",
      "unicode": "e615",
      "unicode_decimal": 58901
    },
    {
      "icon_id": "20335791",
      "name": "复制_icon",
      "font_class": "fuzhi_icon",
      "unicode": "e616",
      "unicode_decimal": 58902
    },
    {
      "icon_id": "20335792",
      "name": "分享_icon",
      "font_class": "fenxiang_icon",
      "unicode": "e617",
      "unicode_decimal": 58903
    },
    {
      "icon_id": "20335796",
      "name": "退款_icon",
      "font_class": "tuikuan_icon",
      "unicode": "e619",
      "unicode_decimal": 58905
    },
    {
      "icon_id": "20335797",
      "name": "订阅_icon",
      "font_class": "dingyue_icon",
      "unicode": "e63e",
      "unicode_decimal": 58942
    },
    {
      "icon_id": "20335798",
      "name": "首页_icon",
      "font_class": "shouye_icon",
      "unicode": "e63f",
      "unicode_decimal": 58943
    },
    {
      "icon_id": "20335799",
      "name": "我的_icon",
      "font_class": "wode_icon1",
      "unicode": "e640",
      "unicode_decimal": 58944
    },
    {
      "icon_id": "20335800",
      "name": "转发_icon",
      "font_class": "zhuanfa_icon",
      "unicode": "e641",
      "unicode_decimal": 58945
    },
    {
      "icon_id": "20335801",
      "name": "相册_icon",
      "font_class": "xiangce_icon",
      "unicode": "e642",
      "unicode_decimal": 58946
    },
    {
      "icon_id": "18386855",
      "name": "返回",
      "font_class": "fanhui",
      "unicode": "e6d5",
      "unicode_decimal": 59093
    },
    {
      "icon_id": "18386856",
      "name": "保存",
      "font_class": "baocun",
      "unicode": "e6d6",
      "unicode_decimal": 59094
    },
    {
      "icon_id": "18386857",
      "name": "执行",
      "font_class": "zhihang",
      "unicode": "e6d7",
      "unicode_decimal": 59095
    },
    {
      "icon_id": "18386858",
      "name": "另存为",
      "font_class": "lingcunwei",
      "unicode": "e6d8",
      "unicode_decimal": 59096
    },
    {
      "icon_id": "18386859",
      "name": "sql",
      "font_class": "sql",
      "unicode": "e6d9",
      "unicode_decimal": 59097
    },
    {
      "icon_id": "18476219",
      "name": "增加短信发送量",
      "font_class": "zengjiaduanxinfasongliang",
      "unicode": "e6e0",
      "unicode_decimal": 59104
    },
    {
      "icon_id": "18476220",
      "name": "接收短信地址填写",
      "font_class": "jieshouduanxindizhitianxie",
      "unicode": "e6e1",
      "unicode_decimal": 59105
    },
    {
      "icon_id": "18532317",
      "name": "任务管理",
      "font_class": "renwuguanli",
      "unicode": "e6e2",
      "unicode_decimal": 59106
    },
    {
      "icon_id": "18532318",
      "name": "数据库管理",
      "font_class": "shujukuguanli",
      "unicode": "e6e3",
      "unicode_decimal": 59107
    },
    {
      "icon_id": "18532319",
      "name": "数据生成规则",
      "font_class": "shujushengchengguize",
      "unicode": "e6e4",
      "unicode_decimal": 59108
    },
    {
      "icon_id": "18532321",
      "name": "文件生成规则",
      "font_class": "wenjianshengchengguize",
      "unicode": "e6e5",
      "unicode_decimal": 59109
    },
    {
      "icon_id": "18851425",
      "name": "阅读量",
      "font_class": "yueduliang",
      "unicode": "e6e6",
      "unicode_decimal": 59110
    },
    {
      "icon_id": "18897966",
      "name": "申请量",
      "font_class": "shenqingliang",
      "unicode": "e6e7",
      "unicode_decimal": 59111
    },
    {
      "icon_id": "18997972",
      "name": "调用量",
      "font_class": "tiaoyongliang",
      "unicode": "e6e8",
      "unicode_decimal": 59112
    },
    {
      "icon_id": "19020996",
      "name": "API调用",
      "font_class": "APItiaoyong",
      "unicode": "e6e9",
      "unicode_decimal": 59113
    },
    {
      "icon_id": "19073574",
      "name": "调用量",
      "font_class": "tiaoyongliang1",
      "unicode": "e6ea",
      "unicode_decimal": 59114
    },
    {
      "icon_id": "19073701",
      "name": "调用量3",
      "font_class": "tiaoyongliang3",
      "unicode": "e6eb",
      "unicode_decimal": 59115
    },
    {
      "icon_id": "19073709",
      "name": "申请量",
      "font_class": "shenqingliang1",
      "unicode": "e6ec",
      "unicode_decimal": 59116
    },
    {
      "icon_id": "19425884",
      "name": "查看",
      "font_class": "chakan",
      "unicode": "e6f6",
      "unicode_decimal": 59126
    },
    {
      "icon_id": "17822273",
      "name": "变量赋值",
      "font_class": "bianliangfuzhi",
      "unicode": "e6c5",
      "unicode_decimal": 59077
    },
    {
      "icon_id": "17822303",
      "name": "判断是否存在",
      "font_class": "panduanshifoucunzai",
      "unicode": "e6c6",
      "unicode_decimal": 59078
    },
    {
      "icon_id": "18034954",
      "name": "表关联",
      "font_class": "biaoguanlian",
      "unicode": "e6cb",
      "unicode_decimal": 59083
    },
    {
      "icon_id": "18034955",
      "name": "表输出",
      "font_class": "biaoshuchu",
      "unicode": "e6cc",
      "unicode_decimal": 59084
    },
    {
      "icon_id": "18034956",
      "name": "表输入",
      "font_class": "biaoshuru",
      "unicode": "e6cd",
      "unicode_decimal": 59085
    },
    {
      "icon_id": "18034957",
      "name": "视图输出",
      "font_class": "shitushuchu",
      "unicode": "e6ce",
      "unicode_decimal": 59086
    },
    {
      "icon_id": "18035011",
      "name": "视图输出",
      "font_class": "shitushuchu1",
      "unicode": "e6cf",
      "unicode_decimal": 59087
    },
    {
      "icon_id": "18323888",
      "name": "系统初始化 ",
      "font_class": "xitongchushihua",
      "unicode": "e6d0",
      "unicode_decimal": 59088
    },
    {
      "icon_id": "18382532",
      "name": "下载",
      "font_class": "xiazai1",
      "unicode": "e6d4",
      "unicode_decimal": 59092
    },
    {
      "icon_id": "20654888",
      "name": "b3",
      "font_class": "b3",
      "unicode": "e61a",
      "unicode_decimal": 58906
    },
    {
      "icon_id": "20654889",
      "name": "b1",
      "font_class": "b1",
      "unicode": "e61b",
      "unicode_decimal": 58907
    },
    {
      "icon_id": "20654890",
      "name": "b5",
      "font_class": "b5",
      "unicode": "e91c",
      "unicode_decimal": 59676
    },
    {
      "icon_id": "20654891",
      "name": "b4",
      "font_class": "b4",
      "unicode": "e61d",
      "unicode_decimal": 58909
    },
    {
      "icon_id": "20654892",
      "name": "b2",
      "font_class": "b2",
      "unicode": "e91e",
      "unicode_decimal": 59678
    },
    {
      "icon_id": "20654893",
      "name": "b8",
      "font_class": "b8",
      "unicode": "e61f",
      "unicode_decimal": 58911
    },
    {
      "icon_id": "20654894",
      "name": "b9",
      "font_class": "b9",
      "unicode": "e620",
      "unicode_decimal": 58912
    },
    {
      "icon_id": "20654895",
      "name": "b6",
      "font_class": "b6",
      "unicode": "e621",
      "unicode_decimal": 58913
    },
    {
      "icon_id": "20654896",
      "name": "b7",
      "font_class": "b7",
      "unicode": "e622",
      "unicode_decimal": 58914
    },
    {
      "icon_id": "20654897",
      "name": "b11",
      "font_class": "b11",
      "unicode": "e623",
      "unicode_decimal": 58915
    },
    {
      "icon_id": "20654898",
      "name": "b12",
      "font_class": "b12",
      "unicode": "e624",
      "unicode_decimal": 58916
    },
    {
      "icon_id": "20654900",
      "name": "b15",
      "font_class": "b15",
      "unicode": "e625",
      "unicode_decimal": 58917
    },
    {
      "icon_id": "20654901",
      "name": "b13",
      "font_class": "b13",
      "unicode": "e626",
      "unicode_decimal": 58918
    },
    {
      "icon_id": "20654902",
      "name": "b14",
      "font_class": "b14",
      "unicode": "e627",
      "unicode_decimal": 58919
    },
    {
      "icon_id": "20654904",
      "name": "b18",
      "font_class": "b18",
      "unicode": "e629",
      "unicode_decimal": 58921
    },
    {
      "icon_id": "20654905",
      "name": "b16",
      "font_class": "b16",
      "unicode": "e62a",
      "unicode_decimal": 58922
    },
    {
      "icon_id": "20654906",
      "name": "b22",
      "font_class": "b22",
      "unicode": "e62b",
      "unicode_decimal": 58923
    },
    {
      "icon_id": "20654907",
      "name": "b20",
      "font_class": "b20",
      "unicode": "e62c",
      "unicode_decimal": 58924
    },
    {
      "icon_id": "20654908",
      "name": "b26",
      "font_class": "b26",
      "unicode": "e62d",
      "unicode_decimal": 58925
    },
    {
      "icon_id": "20654909",
      "name": "b27",
      "font_class": "b27",
      "unicode": "e62e",
      "unicode_decimal": 58926
    },
    {
      "icon_id": "20654910",
      "name": "b29",
      "font_class": "b29",
      "unicode": "e62f",
      "unicode_decimal": 58927
    },
    {
      "icon_id": "20654911",
      "name": "b28",
      "font_class": "b28",
      "unicode": "e630",
      "unicode_decimal": 58928
    },
    {
      "icon_id": "20654912",
      "name": "b24",
      "font_class": "b24",
      "unicode": "e631",
      "unicode_decimal": 58929
    },
    {
      "icon_id": "20654913",
      "name": "b19",
      "font_class": "b19",
      "unicode": "e632",
      "unicode_decimal": 58930
    },
    {
      "icon_id": "20654914",
      "name": "b23",
      "font_class": "b23",
      "unicode": "e633",
      "unicode_decimal": 58931
    },
    {
      "icon_id": "20654915",
      "name": "b25",
      "font_class": "b25",
      "unicode": "e634",
      "unicode_decimal": 58932
    },
    {
      "icon_id": "20654916",
      "name": "b30",
      "font_class": "b30",
      "unicode": "e635",
      "unicode_decimal": 58933
    },
    {
      "icon_id": "20654917",
      "name": "b21",
      "font_class": "b21",
      "unicode": "e936",
      "unicode_decimal": 59702
    },
    {
      "icon_id": "20655159",
      "name": "b10",
      "font_class": "b10",
      "unicode": "e637",
      "unicode_decimal": 58935
    },
    {
      "icon_id": "20406387",
      "name": " 筛选",
      "font_class": "shaixuan",
      "unicode": "e783",
      "unicode_decimal": 59267
    },
    {
      "icon_id": "20406388",
      "name": "不提醒",
      "font_class": "butixing",
      "unicode": "e784",
      "unicode_decimal": 59268
    },
    {
      "icon_id": "20406389",
      "name": "帮助",
      "font_class": "bangzhu",
      "unicode": "e785",
      "unicode_decimal": 59269
    },
    {
      "icon_id": "20406390",
      "name": " 转发",
      "font_class": "zhuanfa",
      "unicode": "e786",
      "unicode_decimal": 59270
    },
    {
      "icon_id": "20406391",
      "name": "A",
      "font_class": "A",
      "unicode": "e787",
      "unicode_decimal": 59271
    },
    {
      "icon_id": "20406393",
      "name": "WiFi",
      "font_class": "WiFi",
      "unicode": "e788",
      "unicode_decimal": 59272
    },
    {
      "icon_id": "20406394",
      "name": "C",
      "font_class": "C",
      "unicode": "e789",
      "unicode_decimal": 59273
    },
    {
      "icon_id": "20406395",
      "name": "B",
      "font_class": "B",
      "unicode": "e78a",
      "unicode_decimal": 59274
    },
    {
      "icon_id": "20406396",
      "name": "打印机",
      "font_class": "dayinji",
      "unicode": "e78b",
      "unicode_decimal": 59275
    },
    {
      "icon_id": "20406397",
      "name": "标签",
      "font_class": "biaoqian",
      "unicode": "e78c",
      "unicode_decimal": 59276
    },
    {
      "icon_id": "20406398",
      "name": "D",
      "font_class": "D",
      "unicode": "e78d",
      "unicode_decimal": 59277
    },
    {
      "icon_id": "20406400",
      "name": " 添加照片",
      "font_class": "tianjiazhaopian",
      "unicode": "e78e",
      "unicode_decimal": 59278
    },
    {
      "icon_id": "20406401",
      "name": "操作日志",
      "font_class": "caozuorizhi",
      "unicode": "e78f",
      "unicode_decimal": 59279
    },
    {
      "icon_id": "20406402",
      "name": "点赞",
      "font_class": "dianzan",
      "unicode": "e790",
      "unicode_decimal": 59280
    },
    {
      "icon_id": "20406403",
      "name": "地图",
      "font_class": "ditu",
      "unicode": "e791",
      "unicode_decimal": 59281
    },
    {
      "icon_id": "20406404",
      "name": "点赞(二)",
      "font_class": "dianzaner",
      "unicode": "e792",
      "unicode_decimal": 59282
    },
    {
      "icon_id": "20406405",
      "name": "地点_定位",
      "font_class": "didian_dingwei",
      "unicode": "e793",
      "unicode_decimal": 59283
    },
    {
      "icon_id": "20406406",
      "name": "错误_失败",
      "font_class": "cuowu_shibai",
      "unicode": "e794",
      "unicode_decimal": 59284
    },
    {
      "icon_id": "20406446",
      "name": "订单_订单列表",
      "font_class": "dingdan_dingdanliebiao",
      "unicode": "e795",
      "unicode_decimal": 59285
    },
    {
      "icon_id": "20406447",
      "name": "二维码",
      "font_class": "erweima",
      "unicode": "e796",
      "unicode_decimal": 59286
    },
    {
      "icon_id": "20406448",
      "name": "订单",
      "font_class": "dingdan",
      "unicode": "e797",
      "unicode_decimal": 59287
    },
    {
      "icon_id": "20406449",
      "name": "店铺",
      "font_class": "dianpu",
      "unicode": "e798",
      "unicode_decimal": 59288
    },
    {
      "icon_id": "20406450",
      "name": "发送",
      "font_class": "fasong",
      "unicode": "e799",
      "unicode_decimal": 59289
    },
    {
      "icon_id": "20406451",
      "name": "发现",
      "font_class": "faxian",
      "unicode": "e79a",
      "unicode_decimal": 59290
    },
    {
      "icon_id": "20406452",
      "name": "分类",
      "font_class": "fenlei",
      "unicode": "e79b",
      "unicode_decimal": 59291
    },
    {
      "icon_id": "20406453",
      "name": "法律_诉讼",
      "font_class": "falv_susong",
      "unicode": "e79c",
      "unicode_decimal": 59292
    },
    {
      "icon_id": "20406454",
      "name": "订阅",
      "font_class": "dingyue",
      "unicode": "e79d",
      "unicode_decimal": 59293
    },
    {
      "icon_id": "20406455",
      "name": "飞机",
      "font_class": "feiji",
      "unicode": "e79e",
      "unicode_decimal": 59294
    },
    {
      "icon_id": "20406456",
      "name": "分享(二)",
      "font_class": "fenxianger",
      "unicode": "e79f",
      "unicode_decimal": 59295
    },
    {
      "icon_id": "20406457",
      "name": "放大",
      "font_class": "fangda",
      "unicode": "e7a0",
      "unicode_decimal": 59296
    },
    {
      "icon_id": "20406459",
      "name": "关机_退出",
      "font_class": "guanji_tuichu",
      "unicode": "e7a1",
      "unicode_decimal": 59297
    },
    {
      "icon_id": "20406460",
      "name": "购物_商品",
      "font_class": "gouwu_shangpin",
      "unicode": "e7a2",
      "unicode_decimal": 59298
    },
    {
      "icon_id": "20406461",
      "name": "关闭",
      "font_class": "guanbi",
      "unicode": "e7a3",
      "unicode_decimal": 59299
    },
    {
      "icon_id": "20406462",
      "name": "服务",
      "font_class": "fuwu",
      "unicode": "e7a4",
      "unicode_decimal": 59300
    },
    {
      "icon_id": "20406463",
      "name": "分享",
      "font_class": "fenxiang",
      "unicode": "e7a5",
      "unicode_decimal": 59301
    },
    {
      "icon_id": "20406464",
      "name": "会员",
      "font_class": "huiyuan",
      "unicode": "e7a6",
      "unicode_decimal": 59302
    },
    {
      "icon_id": "20406465",
      "name": "购物车",
      "font_class": "gouwuche",
      "unicode": "e7a7",
      "unicode_decimal": 59303
    },
    {
      "icon_id": "20406466",
      "name": "回到顶部",
      "font_class": "huidaodingbu",
      "unicode": "e7a8",
      "unicode_decimal": 59304
    },
    {
      "icon_id": "20406467",
      "name": "减少",
      "font_class": "jianshao",
      "unicode": "e7a9",
      "unicode_decimal": 59305
    },
    {
      "icon_id": "20406468",
      "name": "警告_提醒",
      "font_class": "jinggao_tixing",
      "unicode": "e7aa",
      "unicode_decimal": 59306
    },
    {
      "icon_id": "20406469",
      "name": "监理方管理",
      "font_class": "jianlifangguanli",
      "unicode": "e7ab",
      "unicode_decimal": 59307
    },
    {
      "icon_id": "20406470",
      "name": "监督",
      "font_class": "jiandu",
      "unicode": "e7ac",
      "unicode_decimal": 59308
    },
    {
      "icon_id": "20406471",
      "name": "卡包",
      "font_class": "kabao",
      "unicode": "e7ad",
      "unicode_decimal": 59309
    },
    {
      "icon_id": "20406472",
      "name": "积分",
      "font_class": "jifen",
      "unicode": "e7ae",
      "unicode_decimal": 59310
    },
    {
      "icon_id": "20406473",
      "name": "会员等级",
      "font_class": "huiyuandengji",
      "unicode": "e7af",
      "unicode_decimal": 59311
    },
    {
      "icon_id": "20406474",
      "name": "客服",
      "font_class": "kefu",
      "unicode": "e7b0",
      "unicode_decimal": 59312
    },
    {
      "icon_id": "20406475",
      "name": "公告_通知",
      "font_class": "gonggao_tongzhi",
      "unicode": "e7b1",
      "unicode_decimal": 59313
    },
    {
      "icon_id": "20406476",
      "name": "静音",
      "font_class": "jingyin",
      "unicode": "e7b2",
      "unicode_decimal": 59314
    },
    {
      "icon_id": "20406477",
      "name": "话筒",
      "font_class": "huatong",
      "unicode": "e7b3",
      "unicode_decimal": 59315
    },
    {
      "icon_id": "20406478",
      "name": "蓝牙",
      "font_class": "lanya",
      "unicode": "e7b4",
      "unicode_decimal": 59316
    },
    {
      "icon_id": "20406479",
      "name": "垃圾_删除",
      "font_class": "laji_shanchu",
      "unicode": "e7b5",
      "unicode_decimal": 59317
    },
    {
      "icon_id": "20406480",
      "name": "奖杯",
      "font_class": "jiangbei",
      "unicode": "e7b6",
      "unicode_decimal": 59318
    },
    {
      "icon_id": "20406481",
      "name": "礼物",
      "font_class": "liwu",
      "unicode": "e7b7",
      "unicode_decimal": 59319
    },
    {
      "icon_id": "20406482",
      "name": "监理人员管理",
      "font_class": "jianlirenyuanguanli",
      "unicode": "e7b8",
      "unicode_decimal": 59320
    },
    {
      "icon_id": "20406483",
      "name": "红包",
      "font_class": "hongbao",
      "unicode": "e7b9",
      "unicode_decimal": 59321
    },
    {
      "icon_id": "20406807",
      "name": "密码",
      "font_class": "mima",
      "unicode": "e7ba",
      "unicode_decimal": 59322
    },
    {
      "icon_id": "20406809",
      "name": "麦克风",
      "font_class": "maikefeng",
      "unicode": "e7bb",
      "unicode_decimal": 59323
    },
    {
      "icon_id": "20406810",
      "name": "历史项目_记录",
      "font_class": "lishixiangmu_jilu",
      "unicode": "e7bc",
      "unicode_decimal": 59324
    },
    {
      "icon_id": "20406811",
      "name": "男",
      "font_class": "nan",
      "unicode": "e7bd",
      "unicode_decimal": 59325
    },
    {
      "icon_id": "20406812",
      "name": "列表",
      "font_class": "liebiao",
      "unicode": "e7be",
      "unicode_decimal": 59326
    },
    {
      "icon_id": "20406813",
      "name": "签到_打卡",
      "font_class": "qiandao_daka",
      "unicode": "e7bf",
      "unicode_decimal": 59327
    },
    {
      "icon_id": "20406815",
      "name": "企业_公司_单位基本信息",
      "font_class": "qiye_gongsi_danweijibenxinxi",
      "unicode": "e7c0",
      "unicode_decimal": 59328
    },
    {
      "icon_id": "20406816",
      "name": "日历",
      "font_class": "rili",
      "unicode": "e7c1",
      "unicode_decimal": 59329
    },
    {
      "icon_id": "20406817",
      "name": "评论",
      "font_class": "pinglun",
      "unicode": "e7c2",
      "unicode_decimal": 59330
    },
    {
      "icon_id": "20406818",
      "name": "钱包_付款",
      "font_class": "qianbao_fukuan",
      "unicode": "e7c3",
      "unicode_decimal": 59331
    },
    {
      "icon_id": "20406819",
      "name": "女",
      "font_class": "nv",
      "unicode": "e7c4",
      "unicode_decimal": 59332
    },
    {
      "icon_id": "20406820",
      "name": "闹钟",
      "font_class": "naozhong",
      "unicode": "e7c5",
      "unicode_decimal": 59333
    },
    {
      "icon_id": "20406821",
      "name": "皮肤_深色模式",
      "font_class": "pifu_shensemoshi",
      "unicode": "e7c6",
      "unicode_decimal": 59334
    },
    {
      "icon_id": "20406822",
      "name": "权限",
      "font_class": "quanxian",
      "unicode": "e7c7",
      "unicode_decimal": 59335
    },
    {
      "icon_id": "20406823",
      "name": "上传",
      "font_class": "shangchuan",
      "unicode": "e7c8",
      "unicode_decimal": 59336
    },
    {
      "icon_id": "20406824",
      "name": "上",
      "font_class": "shang",
      "unicode": "e7c9",
      "unicode_decimal": 59337
    },
    {
      "icon_id": "20406825",
      "name": "时间_钟表",
      "font_class": "shijian_zhongbiao",
      "unicode": "e7ca",
      "unicode_decimal": 59338
    },
    {
      "icon_id": "20406826",
      "name": "设备",
      "font_class": "shebei",
      "unicode": "e7cb",
      "unicode_decimal": 59339
    },
    {
      "icon_id": "20406827",
      "name": "实施单位管理",
      "font_class": "shishidanweiguanli",
      "unicode": "e7cc",
      "unicode_decimal": 59340
    },
    {
      "icon_id": "20406829",
      "name": "视频",
      "font_class": "shipin",
      "unicode": "e7cd",
      "unicode_decimal": 59341
    },
    {
      "icon_id": "20406830",
      "name": "收藏",
      "font_class": "shoucang",
      "unicode": "e7ce",
      "unicode_decimal": 59342
    },
    {
      "icon_id": "20406832",
      "name": "扫一扫",
      "font_class": "saoyisao",
      "unicode": "e7cf",
      "unicode_decimal": 59343
    },
    {
      "icon_id": "20406833",
      "name": "身份证",
      "font_class": "shenfenzheng",
      "unicode": "e7d0",
      "unicode_decimal": 59344
    },
    {
      "icon_id": "20406834",
      "name": "刷新",
      "font_class": "shuaxin",
      "unicode": "e7d1",
      "unicode_decimal": 59345
    },
    {
      "icon_id": "20406835",
      "name": "首页",
      "font_class": "shouye",
      "unicode": "e7d2",
      "unicode_decimal": 59346
    },
    {
      "icon_id": "20406836",
      "name": "搜索",
      "font_class": "sousuo",
      "unicode": "e7d3",
      "unicode_decimal": 59347
    },
    {
      "icon_id": "20406837",
      "name": "缩小",
      "font_class": "suoxiao",
      "unicode": "e7d4",
      "unicode_decimal": 59348
    },
    {
      "icon_id": "20406838",
      "name": "添加好友",
      "font_class": "tianjiahaoyou",
      "unicode": "e7d5",
      "unicode_decimal": 59349
    },
    {
      "icon_id": "20406839",
      "name": "收益",
      "font_class": "shouyi",
      "unicode": "e7d6",
      "unicode_decimal": 59350
    },
    {
      "icon_id": "20406840",
      "name": "设置",
      "font_class": "shezhi",
      "unicode": "e7d7",
      "unicode_decimal": 59351
    },
    {
      "icon_id": "20406842",
      "name": "统计(二)",
      "font_class": "tongjier",
      "unicode": "e7d8",
      "unicode_decimal": 59352
    },
    {
      "icon_id": "20406843",
      "name": "网页",
      "font_class": "wangye",
      "unicode": "e7d9",
      "unicode_decimal": 59353
    },
    {
      "icon_id": "20406844",
      "name": "统计(一)",
      "font_class": "tongjiyi",
      "unicode": "e7da",
      "unicode_decimal": 59354
    },
    {
      "icon_id": "20406845",
      "name": "未选中",
      "font_class": "weixuanzhong",
      "unicode": "e7db",
      "unicode_decimal": 59355
    },
    {
      "icon_id": "20406846",
      "name": "通知",
      "font_class": "tongzhi",
      "unicode": "e7dc",
      "unicode_decimal": 59356
    },
    {
      "icon_id": "20406847",
      "name": "图片",
      "font_class": "tupian",
      "unicode": "e7dd",
      "unicode_decimal": 59357
    },
    {
      "icon_id": "20406848",
      "name": "通讯录",
      "font_class": "tongxunlu",
      "unicode": "e7de",
      "unicode_decimal": 59358
    },
    {
      "icon_id": "20406849",
      "name": "微信",
      "font_class": "weixin",
      "unicode": "e7df",
      "unicode_decimal": 59359
    },
    {
      "icon_id": "20406850",
      "name": "热门",
      "font_class": "remen",
      "unicode": "e7e0",
      "unicode_decimal": 59360
    },
    {
      "icon_id": "20406851",
      "name": "文档_文件",
      "font_class": "wendang_wenjian",
      "unicode": "e7e1",
      "unicode_decimal": 59361
    },
    {
      "icon_id": "20406852",
      "name": "文件夹",
      "font_class": "wenjianjia",
      "unicode": "e7e2",
      "unicode_decimal": 59362
    },
    {
      "icon_id": "20406853",
      "name": "下",
      "font_class": "xia",
      "unicode": "e7e3",
      "unicode_decimal": 59363
    },
    {
      "icon_id": "20406854",
      "name": "我的信息_基本信息",
      "font_class": "wodexinxi_jibenxinxi",
      "unicode": "e7e4",
      "unicode_decimal": 59364
    },
    {
      "icon_id": "20406855",
      "name": "向上_收起",
      "font_class": "xiangshang_shouqi",
      "unicode": "e7e5",
      "unicode_decimal": 59365
    },
    {
      "icon_id": "20406856",
      "name": "下载(二)",
      "font_class": "xiazaier",
      "unicode": "e7e6",
      "unicode_decimal": 59366
    },
    {
      "icon_id": "20406858",
      "name": "向右_返回",
      "font_class": "xiangyou_fanhui",
      "unicode": "e7e7",
      "unicode_decimal": 59367
    },
    {
      "icon_id": "20406859",
      "name": "向左_返回",
      "font_class": "xiangzuo_fanhui",
      "unicode": "e7e8",
      "unicode_decimal": 59368
    },
    {
      "icon_id": "20406860",
      "name": "向下_收缩",
      "font_class": "xiangxia_shousuo",
      "unicode": "e7e9",
      "unicode_decimal": 59369
    },
    {
      "icon_id": "20406861",
      "name": "项目文件模版库_模版库",
      "font_class": "xiangmuwenjianmobanku_mobanku",
      "unicode": "e7ea",
      "unicode_decimal": 59370
    },
    {
      "icon_id": "20406862",
      "name": "下载",
      "font_class": "xiazai",
      "unicode": "e7eb",
      "unicode_decimal": 59371
    },
    {
      "icon_id": "20406864",
      "name": "项目",
      "font_class": "xiangmu",
      "unicode": "e7ec",
      "unicode_decimal": 59372
    },
    {
      "icon_id": "20406865",
      "name": "显示_查看",
      "font_class": "xianshi_chakan",
      "unicode": "e7ed",
      "unicode_decimal": 59373
    },
    {
      "icon_id": "20406866",
      "name": "选中",
      "font_class": "xuanzhong",
      "unicode": "e7ee",
      "unicode_decimal": 59374
    },
    {
      "icon_id": "20406867",
      "name": "项目_项目管理",
      "font_class": "xiangmu_xiangmuguanli",
      "unicode": "e7ef",
      "unicode_decimal": 59375
    },
    {
      "icon_id": "20406869",
      "name": "修改_编辑",
      "font_class": "xiugai_bianji",
      "unicode": "e7f0",
      "unicode_decimal": 59376
    },
    {
      "icon_id": "20406870",
      "name": "医疗",
      "font_class": "yiliao",
      "unicode": "e7f1",
      "unicode_decimal": 59377
    },
    {
      "icon_id": "20406871",
      "name": "项目验收_验收",
      "font_class": "xiangmuyanshou_yanshou",
      "unicode": "e7f2",
      "unicode_decimal": 59378
    },
    {
      "icon_id": "20406873",
      "name": "药品",
      "font_class": "yaopin",
      "unicode": "e7f3",
      "unicode_decimal": 59379
    },
    {
      "icon_id": "20406874",
      "name": "消息(三)",
      "font_class": "xiaoxisan",
      "unicode": "e7f4",
      "unicode_decimal": 59380
    },
    {
      "icon_id": "20406875",
      "name": "消息(二)",
      "font_class": "xiaoxier",
      "unicode": "e7f5",
      "unicode_decimal": 59381
    },
    {
      "icon_id": "20406877",
      "name": "异常_危险_举报",
      "font_class": "yichang_weixian_jubao",
      "unicode": "e7f6",
      "unicode_decimal": 59382
    },
    {
      "icon_id": "20406879",
      "name": "项目经理管理_人员管理",
      "font_class": "xiangmujingliguanli_renyuanguanli",
      "unicode": "e7f7",
      "unicode_decimal": 59383
    },
    {
      "icon_id": "20406880",
      "name": "音乐",
      "font_class": "yinle",
      "unicode": "e7f8",
      "unicode_decimal": 59384
    },
    {
      "icon_id": "20406881",
      "name": "延期审核",
      "font_class": "yanqishenhe",
      "unicode": "e7f9",
      "unicode_decimal": 59385
    },
    {
      "icon_id": "20406882",
      "name": "隐藏",
      "font_class": "yincang",
      "unicode": "e7fa",
      "unicode_decimal": 59386
    },
    {
      "icon_id": "20406884",
      "name": "小程序",
      "font_class": "xiaochengxu",
      "unicode": "e7fb",
      "unicode_decimal": 59387
    },
    {
      "icon_id": "20406885",
      "name": "优惠券",
      "font_class": "youhuiquan",
      "unicode": "e7fc",
      "unicode_decimal": 59388
    },
    {
      "icon_id": "20406886",
      "name": "用户_账号_我的",
      "font_class": "yonghu_zhanghao_wode",
      "unicode": "e7fd",
      "unicode_decimal": 59389
    },
    {
      "icon_id": "20406887",
      "name": "右",
      "font_class": "you",
      "unicode": "e7fe",
      "unicode_decimal": 59390
    },
    {
      "icon_id": "20406889",
      "name": "需求变更审核",
      "font_class": "xuqiubiangengshenhe",
      "unicode": "e7ff",
      "unicode_decimal": 59391
    },
    {
      "icon_id": "20406890",
      "name": "音乐(二)",
      "font_class": "yinleer",
      "unicode": "e800",
      "unicode_decimal": 59392
    },
    {
      "icon_id": "20406891",
      "name": "余额",
      "font_class": "yue",
      "unicode": "e801",
      "unicode_decimal": 59393
    },
    {
      "icon_id": "20406892",
      "name": "银行卡",
      "font_class": "yinhangka",
      "unicode": "e802",
      "unicode_decimal": 59394
    },
    {
      "icon_id": "20406893",
      "name": "照片_照相_照相机",
      "font_class": "zhaopian_zhaoxiang_zhaoxiangji",
      "unicode": "e803",
      "unicode_decimal": 59395
    },
    {
      "icon_id": "20406894",
      "name": "正常_安全",
      "font_class": "zhengchang_anquan",
      "unicode": "e804",
      "unicode_decimal": 59396
    },
    {
      "icon_id": "20406895",
      "name": "正确_成功_失败",
      "font_class": "zhengque_chenggong_shibai",
      "unicode": "e805",
      "unicode_decimal": 59397
    },
    {
      "icon_id": "20406896",
      "name": "邮件",
      "font_class": "youjian",
      "unicode": "e806",
      "unicode_decimal": 59398
    },
    {
      "icon_id": "20406897",
      "name": "正在进行",
      "font_class": "zhengzaijinhang",
      "unicode": "e807",
      "unicode_decimal": 59399
    },
    {
      "icon_id": "20406899",
      "name": "职称_职称维护",
      "font_class": "zhicheng_zhichengweihu",
      "unicode": "e808",
      "unicode_decimal": 59400
    },
    {
      "icon_id": "20406900",
      "name": "直播",
      "font_class": "zhibo",
      "unicode": "e809",
      "unicode_decimal": 59401
    },
    {
      "icon_id": "20406901",
      "name": "专家库_团队",
      "font_class": "zhuanjiaku_tuandui",
      "unicode": "e80a",
      "unicode_decimal": 59402
    },
    {
      "icon_id": "20406902",
      "name": "左",
      "font_class": "zuo",
      "unicode": "e80b",
      "unicode_decimal": 59403
    },
    {
      "icon_id": "20406903",
      "name": "专业领域维护",
      "font_class": "zhuanyelingyuweihu",
      "unicode": "e80c",
      "unicode_decimal": 59404
    }
  ]
}
