{
	"meta-info":
	{
		"version":"190"
	},
	"checkbox":
	{
		"drawing":true,
		"normal-state":
		{
			"text-font":{"color":"#000000"},
			"box-images":
			{
				"unchecked":{"file":"checkbox-box-normal-unchecked.bmp"},
				"checked":{"file":"checkbox-box-normal-checked.bmp"},
				"indeterminate":{"file":"checkbox-box-normal-indeterminate.bmp"}
			}
		},
		"hover-state":
		{
			"text-font":{"color":"#000000"},
			"box-images":
			{
				"unchecked":{"file":"checkbox-box-hover-unchecked.bmp"},
				"checked":{"file":"checkbox-box-hover-checked.bmp"},
				"indeterminate":{"file":"checkbox-box-hover-indeterminate.bmp"}
			}
		},
		"pressed-state":
		{
			"text-font":{"color":"#000000"},
			"box-images":
			{
				"unchecked":{"file":"checkbox-box-pressed-unchecked.bmp"},
				"checked":{"file":"checkbox-box-pressed-checked.bmp"},
				"indeterminate":{"file":"checkbox-box-pressed-indeterminate.bmp"}
			}
		},
		"focused-state":
		{
			"text-font":{"color":"#000000"},
			"box-images":
			{
				"unchecked":{"file":"checkbox-box-focused-unchecked.bmp"},
				"checked":{"file":"checkbox-box-focused-checked.bmp"},
				"indeterminate":{"file":"checkbox-box-focused-indeterminate.bmp"}
			}
		},
		"disabled-state":
		{
			"text-font":{"color":"#999999"},
			"box-images":
			{
				"unchecked":{"file":"checkbox-box-disabled-unchecked.bmp"},
				"checked":{"file":"checkbox-box-disabled-checked.bmp"},
				"indeterminate":{"file":"checkbox-box-disabled-indeterminate.bmp"}
			}
		}
	},
	"commandbutton":
	{
		"drawing":true,
		"normal-state":
		{
			"border-color":"#B3B3B3",
			"background-color":"#CCCCCC",
			"text-font":{"color":"#000000"}
		},
		"hover-state":
		{
			"border-color":"#0078D7",
			"background-color":"#D9D9D9",
			"text-font":{"color":"#000000"}
		},
		"pressed-state":
		{
			"border-color":"#0078D7",
			"background-color":"#BFBFBF",
			"text-font":{"color":"#000000"}
		},
		"focused-state":
		{
			"border-color":"#0078D7",
			"background-color":"#CCCCCC",
			"text-font":{"color":"#000000"}
		},
		"default-state":
		{
			"border-color":"#0078D7",
			"background-color":"#CCCCCC",
			"text-font":{"color":"#000000"}
		},
		"disabled-state":
		{
			"border-color":"#BFBFBF",
			"background-color":"#CCCCCC",
			"text-font":{"color":"#999999"}
		}
	},
	"datawindow":
	{
		"drawing":true,
		"background-color-enabled":true,
		"background-color":"#FFFFFF",
		"normal-state":
		{
			"border-color":"#B3B3B3"
		},
		"disabled-state":
		{
			"border-color":"#B3B3B3"
		},
		"dwo-button":
		{
			"drawing":true,
			"normal-state":
			{
				"border-color":"#B3B3B3",
				"background-color":"#CCCCCC",
				"text-font":{"color":"#000000"}
			},
			"hover-state":
			{
				"border-color":"#0078D7",
				"background-color":"#D9D9D9",
				"text-font":{"color":"#000000"}
			},
			"pressed-state":
			{
				"border-color":"#0078D7",
				"background-color":"#BFBFBF",
				"text-font":{"color":"#000000"}
			},
			"default-state":
			{
				"border-color":"#0078D7",
				"background-color":"#CCCCCC",
				"text-font":{"color":"#000000"}
			},
			"disabled-state":
			{
				"border-color":"#BFBFBF",
				"background-color":"#CCCCCC",
				"text-font":{"color":"#999999"}
			}
		},
		"dwo-column":
		{
			"drawing":true,
			"border":0,
			"border-color":"#B3B3B3",
			"background-color":"#FFFFFF",
			"text-font":{"color":"#000000"},
			"checkbox-type":
			{
				"drawing":true,
				"normal-state":
				{
					"box-images":
					{
						"unchecked":{"file":"checkbox-box-normal-unchecked.bmp"},
						"checked":{"file":"checkbox-box-normal-checked.bmp"},
						"indeterminate":{"file":"checkbox-box-normal-indeterminate.bmp"}
					}
				},
				"hover-state":
				{
					"box-images":
					{
						"unchecked":{"file":"checkbox-box-hover-unchecked.bmp"},
						"checked":{"file":"checkbox-box-hover-checked.bmp"},
						"indeterminate":{"file":"checkbox-box-hover-indeterminate.bmp"}
					}
				}
			},
			"dropdown-type":
			{
				"drawing":true,
				"selected-row-text-color":"#000000",
				"selected-row-background-color":"#CCCCCC",
				"unselected-row-background-color":"#FFFFFF",				
				"normal-state":
				{
					"background-color":"#FFFFFF",
					"arrow-image":{"file":"dropdownlistbox-arrow-normal.png"}
				},
				"hover-state":
				{
					"background-color":"#FFFFFF",
					"arrow-image":{"file":"dropdownlistbox-arrow-hover.png"}
				}
			},
			"editmask-type":
			{
				"drawing":true,
				"spin":
				{
					"normal-state":
					{
						"images":
						{
							"top-button":{"file":"dwo-editmask-spin-top-button-normal.png"},
							"bottom-button":{"file":"dwo-editmask-spin-bottom-button-normal.png"}
						}
					},
					"hover-state":
					{
						"images":
						{
							"top-button":{"file":"dwo-editmask-spin-top-button-hover.png"},
							"bottom-button":{"file":"dwo-editmask-spin-bottom-button-hover.png"}
						}
					}
				},
				"dropdownarrow":
				{
					"normal-state":
					{
						"arrow-image":{"file":"dropdownlistbox-arrow-normal.png"}
					},
					"hover-state":
					{
						"arrow-image":{"file":"dropdownlistbox-arrow-hover.png"}
					}
				}
			},
			"radiobuttons-type":
			{
				"drawing":true,
				"normal-state":
				{
					"radio-images":
					{
						"unchecked":{"file":"radiobutton-radio-normal-unchecked.png"},
						"checked":{"file":"radiobutton-radio-normal-checked.png"}
					}
				},
				"hover-state":
				{
					"radio-images":
					{
						"unchecked":{"file":"radiobutton-radio-hover-unchecked.png"},
						"checked":{"file":"radiobutton-radio-hover-checked.png"}
					}
				}
			}
		},
		"dwo-compute":
		{
			"drawing":true,
			"border":0,
			"border-color":"#B3B3B3",
			"background-color":"#FFFFFF",
			"text-font":{"color":"#000000"}
		},
		"dwo-graph":
		{
			"drawing":true,
			"border":0,
			"border-color":"#B3B3B3"
		},
		"dwo-groupbox":
		{
			"drawing":true,
			"border":0,
			"border-color":"#B3B3B3",
			"background-color":"#FFFFFF",
			"text-font":{"color":"#000000"}
		},
		"dwo-inkpicture":
		{
			"drawing":true,
			"border":0,
			"border-color":"#B3B3B3"
		},
		"dwo-ole":
		{
			"drawing":true,
			"border":0,
			"border-color":"#B3B3B3"
		},
		"dwo-oledatabaseblob":
		{
			"drawing":true,
			"border":0,
			"border-color":"#B3B3B3"
		},
		"dwo-picture":
		{
			"drawing":true,
			"border":0,
			"border-color":"#B3B3B3"
		},
		"dwo-tableblob":
		{
			"drawing":true,
			"border":0,
			"border-color":"#B3B3B3"
		},
		"dwo-text":
		{
			"drawing":true,
			"border":2,
			"border-color":"#B3B3B3",
			"background-color":"#FFFFFF",
			"text-font":{"color":"#000000"}
		},
		"cross-style":
		{
			"drawing":true,
			"head-band":
			{
				"background-color":"#808080",
				"dwo-text-font":{"color":"#FFFFFF"}
			},
			"detail-band":
			{
				"selected-row-text-color":"#000000",
				"selected-row-background-color":"#BFBFBF"
			},
			"grid-line":
			{
				"horizontal-line":true,
				"vertical-line":true,
				"line-color":"#E6E6E6"
			},
			"dwo-column":
			{
				"border":2,
				"border-color":"#B3B3B3",
				"background-color":"#FFFFFF",
				"text-font":{"color":"#000000"}
			},
			"dwo-text":
			{
				"border":2,
				"border-color":"#B3B3B3",
				"background-color":"#FFFFFF",
				"text-font":{"color":"#000000"}
			},
			"dwo-compute":
			{
				"border":2,
				"border-color":"#B3B3B3",
				"background-color":"#FFFFFF",
				"text-font":{"color":"#000000"}
			}
		},
		"grid-style":
		{
			"drawing":true,
			"head-band":
			{
				"background-color":"#808080",
				"dwo-text-font":{"color":"#FFFFFF"}
			},
			"detail-band":
			{
				"selected-row-text-color":"#000000",
				"selected-row-background-color":"#BFBFBF"
			},
			"grid-line":
			{
				"horizontal-line":true,
				"vertical-line":true,
				"line-color":"#E6E6E6"
			},
			"dwo-column":
			{
				"border":2,
				"border-color":"#B3B3B3",
				"background-color":"#FFFFFF",
				"text-font":{"color":"#000000"}
			},
			"dwo-text":
			{
				"border":2,
				"border-color":"#B3B3B3",
				"background-color":"#FFFFFF",
				"text-font":{"color":"#000000"}
			},
			"dwo-compute":
			{
				"border":2,
				"border-color":"#B3B3B3",
				"background-color":"#FFFFFF",
				"text-font":{"color":"#000000"}
			}
		}
	},
	"datepicker":
	{
		"drawing":true,
		"edit":
		{
			"normal-state":
			{
				"border-color":"#B3B3B3"
			},
			"hover-state":
			{
				"border-color":"#666666"
			},
			"focused-state":
			{
				"border-color":"#666666"
			},
			"disabled-state":
			{
				"border-color":"#CCCCCC"
			}
		},
		"dropdownarrow":
		{
			"normal-state":
			{
				"arrow-image":{"file":"datepicker-arrow-normal.bmp"}
			},
			"hover-state":
			{
				"arrow-image":{"file":"datepicker-arrow-hover.bmp"}
			},
			"focused-state":
			{
				"arrow-image":{"file":"datepicker-arrow-focused.bmp"}
			},
			"disabled-state":
			{
				"arrow-image":{"file":"datepicker-arrow-disabled.bmp"}
			}
		}
	},
	"dropdownlistbox":
	{
		"drawing":true,
		"normal-state":
		{
			"border-color":"#B3B3B3",
			"background-color":"#FFFFFF",
			"text-font":{"color":"#000000"},
			"arrow-image":{"file":"dropdownlistbox-arrow-normal.png"}
		},
		"hover-state":
		{
			"border-color":"#666666",
			"background-color":"#FFFFFF",
			"text-font":{"color":"#000000"},
			"arrow-image":{"file":"dropdownlistbox-arrow-hover.png"}
		},
		"focused-state":
		{
			"border-color":"#0078D7",
			"background-color":"#FFFFFF",
			"text-font":{"color":"#000000"},
			"arrow-image":{"file":"dropdownlistbox-arrow-focused.png"}
		},
		"disabled-state":
		{
			"border-color":"#CCCCCC",
			"background-color":"#F0F0F0",
			"text-font":{"color":"#999999"},
			"arrow-image":{"file":"dropdownlistbox-arrow-disabled.png"}
		}
	},
	"dropdownpicturelistbox":
	{
		"drawing":true,
		"normal-state":
		{
			"border-color":"#B3B3B3",
			"background-color":"#FFFFFF",
			"text-font":{"color":"#000000"},
			"arrow-image":{"file":"dropdownlistbox-arrow-normal.png"}
		},
		"hover-state":
		{
			"border-color":"#666666",
			"background-color":"#FFFFFF",
			"text-font":{"color":"#000000"},
			"arrow-image":{"file":"dropdownlistbox-arrow-hover.png"}
		},
		"focused-state":
		{
			"border-color":"#0078D7",
			"background-color":"#FFFFFF",
			"text-font":{"color":"#000000"},
			"arrow-image":{"file":"dropdownlistbox-arrow-focused.png"}
		},
		"disabled-state":
		{
			"border-color":"#CCCCCC",
			"background-color":"#F0F0F0",
			"text-font":{"color":"#999999"},
			"arrow-image":{"file":"dropdownlistbox-arrow-disabled.png"}
		}
	},
	"editmask":
	{
		"drawing":true,
		"edit":
		{
			"normal-state":
			{
				"border-color":"#B3B3B3",
				"background-color":"#FFFFFF",
				"text-font":{"color":"#000000"}
			},
			"hover-state":
			{
				"border-color":"#666666",
				"background-color":"#FFFFFF",
				"text-font":{"color":"#000000"}
			},
			"focused-state":
			{
				"border-color":"#0078D7",
				"background-color":"#FFFFFF",
				"text-font":{"color":"#000000"}
			},
			"disabled-state":
			{
				"border-color":"#CCCCCC",
				"background-color":"#F0F0F0"
			}
		},
		"spin":
		{
			"normal-state":
			{
				"images":
				{
					"top-button":{"file":"editmask-spin-top-button-normal.png"},
					"bottom-button":{"file":"editmask-spin-bottom-button-normal.png"}
				}
			},
			"hover-state":
			{
				"images": 
				{
					"top-button":{"file":"editmask-spin-top-button-hover.png"},
					"bottom-button":{"file":"editmask-spin-bottom-button-hover.png"}
				}
			},
			"pressed-state":
			{
				"images": 
				{
					"top-button":{"file":"editmask-spin-top-button-pressed.png"},
					"bottom-button":{"file":"editmask-spin-bottom-button-pressed.png"}
				}
			},
			"disabled-state":
			{
				"images": 
				{
					"top-button":{"file":"editmask-spin-top-button-disabled.png"},
					"bottom-button":{"file":"editmask-spin-bottom-button-disabled.png"}
				}
			}
		},
		"dropdownarrow":
		{
			"normal-state":
			{
				"arrow-image":{"file":"editmask-arrow-normal.png"}
			},
			"hover-state":
			{
				"arrow-image":{"file":"editmask-arrow-hover.png"}
			},
			"pressed-state":
			{
				"arrow-image":{"file":"editmask-arrow-pressed.png"}
			},
			"disabled-state":
			{
				"arrow-image":{"file":"editmask-arrow-disabled.png"}
			}
		}
	},
	"graph-colors":
	{
		"drawing":true,
		"palette":[ "#32C8C8", "#82DCBE", "#50C86E", "#AADC82", "#F0C832", "#E6A06E", "#F05A78", "#DC78D2", "#8C5ADC", "#968CE6", "#46BEDC", "#87CDE1", "#3CA0FA", "#8CBEFA" ],
		"pie-edge":"#DCDCDC",
		"bar-edge":"#646464"
	},
	"graph-control":
	{
		"drawing":true,
		"normal-state":
		{
			"border-color":"#B3B3B3"
		},
		"hover-state":
		{
			"border-color":"#B3B3B3"
		},
		"focused-state":
		{
			"border-color":"#B3B3B3"
		},
		"disabled-state":
		{
			"border-color":"#CCCCCC"
		}
	},
	"groupbox":
	{
		"drawing":true,
		"background-transparent":true,
		"normal-state":
		{
			"border-color":"#B3B3B3",
			"background-color":"#E6E6E6",
			"text-font":{"color":"#000000"}
		},
		"disabled-state":
		{
			"border-color":"#CCCCCC",
			"background-color":"#E6E6E6",
			"text-font":{"color":"#999999"}
		}
	},
	"inkedit":
	{
		"drawing":true,
		"normal-state":
		{
			"border-color":"#B3B3B3",
			"background-color":"#FFFFFF",
			"text-font":{"color":"#000000"}
		},
		"hover-state":
		{
			"border-color":"#666666",
			"background-color":"#FFFFFF",
			"text-font":{"color":"#000000"}
		},
		"focused-state":
		{
			"border-color":"#0078D7",
			"background-color":"#FFFFFF",
			"text-font":{"color":"#000000"}
		},
		"disabled-state":
		{
			"border-color":"#CCCCCC",
			"text-font":{"color":"#999999"}
		}
	},
	"inkpicture":
	{
		"drawing":true,
		"normal-state":
		{
			"border-color":"#B3B3B3"
		},
		"disabled-state":
		{
			"border-color":"#CCCCCC"
		}
	},
	"listbox":
	{
		"drawing":true,
		"normal-state":
		{
			"border-color":"#B3B3B3",
			"background-color":"#FFFFFF"
		},
		"hover-state": 
		{
			"border-color":"#B3B3B3",
			"background-color":"#FFFFFF"
		},
		"disabled-state":
		{
			"border-color":"#CCCCCC",
			"background-color":"#F0F0F0"
		},
		"item":
		{
			"normal-state":
			{
				"background-color":"#FFFFFF",
				"text-font":{"color":"#000000"}
			},
			"hover-state":
			{
				"background-color":"#F2F2F2",
				"text-font":{"color":"#000000"}
			},
			"selected-state":
			{
				"background-color":"#E5E5E5",
				"text-font":{"color":"#000000"}
			},
			"disabled-state": 
			{
				"background-color":"#F0F0F0",
				"text-font":{"color":"#999999"}
			}
		}
	},
	"listview":
	{
		"drawing":true,
		"normal-state":
		{
			"border-color":"#B3B3B3",
			"background-color":"#FFFFFF"
		},
		"hover-state": 
		{
			"border-color":"#B3B3B3",
			"background-color":"#FFFFFF"
		},
		"disabled-state":
		{
			"border-color":"#CCCCCC",
			"background-color":"#F0F0F0"
		},
		"item":
		{
			"normal-state":
			{
				"background-color":"#FFFFFF",
				"text-font":{"color":"#000000"}
			},
			"hover-state":
			{
				"background-color":"#F2F2F2",
				"text-font":{"color":"#000000"}
			},
			"selected-state":
			{
				"background-color":"#E5E5E5",
				"text-font":{"color":"#000000"}
			},
			"disabled-state": 
			{
				"background-color":"#F0F0F0",
				"text-font":{"color":"#999999"}
			}
		},
		"checkbox":
		{
			"normal-state":
			{
				"images":
				{
					"unchecked":{"file":"listview-checkbox-unchecked.ico"},
					"checked":{"file":"listview-checkbox-checked.ico"}
				}
			}
		}
	},
	"menu":
	{
		"drawing":true,
		"menubar":
		{
			"background-color":"#CCCCCC",
			"menuitem":
			{
				"normal-state":
				{
					"text-font":{"color":"#000000"},
					"background-color":"#CCCCCC"
				},
				"hover-state":
				{
					"text-font":{"color":"#000000"},
					"background-color":"#E6E6E6"
				},
				"selected-state":
				{
					"text-font":{"color":"#000000"},
					"background-color":"#B3B3B3"
				},
				"disabled-state":
				{
					"text-font":{"color":"#999999"},
					"background-color":"#CCCCCC"
				}
			}
		},
		"popupmenu":
		{
			"border-color":"#B3B3B3",
			"separator-color":"#B3B3B3",
			"background-color":"#F0F0F0",
			"bitmap-background-color":"#F0F0F0",
			"bitmap-gradient":false,
			"title-background-color":"#F0F0F0",
			"title-text-font":{"color":"#000000"},
			"title-gradient":false,
			"menuitem":
			{
				"normal-state":
				{
					"text-font":{"color":"#000000"},
					"background-color":"#F0F0F0"
				},
				"selected-state":
				{
					"text-font":{"color":"#000000"},
					"background-color":"#BFBFBF"
				},
				"disabled-state":
				{
					"text-font":{"color":"#999999"},
					"background-color":"#F0F0F0"
				}
			}
		},
		"toolbar":
		{
			"border-color":"#B3B3B3",
			"background-color":"#CCCCCC",		
			"grabbar-color":"#808080",
			"separator-color":"#999999",
			"arrow-color":"#4D4D4D",
			"bitmap-background-color":"#CCCCCC",
			"item":
			{
				"normal-state":
				{
					"text-font":{"color":"#000000"}
				},
				"hover-state":
				{
					"text-font":{"color":"#000000"},
					"background-color":"#E6E6E6"
				},
				"selected-state":
				{
					"text-font":{"color":"#000000"},
					"background-color":"#B3B3B3"
				},
				"checked-state":
				{
					"text-font":{"color":"#000000"},
					"background-color":"#96A0B4"
				},
				"disabled-state":
				{
					"text-font":{"color":"#4D4D4D"}
				}
			},
			"dropdownarrow":
			{
				"normal-state":
				{	
					"background-color":"#CCCCCC"			
				},
				"hover-state":
				{			
					"background-color":"#E6E6E6"			
				},
				"disabled-state":
				{				
					"background-color":"#CCCCCC"
				}
			},
			"tooltip":
			{
				"border-color":"#CCCCCC",
				"background-color":"#FAFAFA",
				"text-font":{"color":"#333333"}
			}
		}
	},
	"monthcalendar":
	{
		"drawing":true,
		"normal-state":
		{
			"border-color":"#B3B3B3",
			"background-color":"#E6E6E6"
		},
		"hover-state":
		{
			"border-color":"#B3B3B3",
			"background-color":"#E6E6E6"
		},
		"disabled-state":
		{
			"border-color":"#CCCCCC",
			"background-color":"#E6E6E6"
		}
	},
	"multilineedit":
	{
		"drawing":true,
		"normal-state":
		{
			"border-color":"#B3B3B3",
			"background-color":"#FFFFFF",
			"text-font":{"color":"#000000"}
		},
		"hover-state":
		{
			"border-color":"#666666",
			"background-color":"#FFFFFF",
			"text-font":{"color":"#000000"}
		},
		"focused-state":
		{
			"border-color":"#0078D7",
			"background-color":"#FFFFFF",
			"text-font":{"color":"#000000"}
		},
		"disabled-state":
		{
			"border-color":"#CCCCCC",
			"background-color":"#F0F0F0"
		}
	},
	"olecontrol":
	{
		"drawing":true,
		"normal-state":
		{
			"border-color":"#B3B3B3"
		},
		"hover-state":
		{
			"border-color":"#B3B3B3"
		},
		"disabled-state":
		{
			"border-color":"#CCCCCC"
		}
	},
	"olecustomcontrol":
	{
		"drawing":true,
		"normal-state":
		{
			"border-color":"#B3B3B3"
		},
		"hover-state":
		{
			"border-color":"#B3B3B3"
		},
		"disabled-state":
		{
			"border-color":"#CCCCCC"
		}
	},
	"picturebutton":
	{
		"drawing":true,
		"normal-state":
		{
			"border-color":"#B3B3B3",
			"background-color":"#FFFFFF",
			"text-font":{"color":"#000000"}
		},
		"hover-state":
		{
			"border-color":"#0078D7",
			"background-color":"#E5F1FB",
			"text-font":{"color":"#333333"}
		},
		"pressed-state":
		{
			"border-color":"#0060AC",
			"background-color":"#CCE4F7",
			"text-font":{"color":"#333333"}
		},
		"focused-state":
		{
			"border-color":"#0078D7",
			"background-color":"#CCCCCC",
			"text-font":{"color":"#333333"}
		},
		"disabled-state":
		{
			"border-color":"#CCCCCC",
			"background-color":"#CCCCCC",
			"text-font":{"color":"#999999"}
		}
	},
	"picturelistbox":
	{
		"drawing":true,
		"normal-state":
		{
			"border-color":"#B3B3B3",
			"background-color":"#FFFFFF"
		},
		"hover-state": 
		{
			"border-color":"#B3B3B3",
			"background-color":"#FFFFFF"
		},
		"disabled-state":
		{
			"border-color":"#CCCCCC",
			"background-color":"#F0F0F0"
		},
		"item":
		{
			"normal-state":
			{
				"background-color":"#FFFFFF",
				"text-font":{"color":"#000000"}
			},
			"hover-state":
			{
				"background-color":"#F2F2F2",
				"text-font":{"color":"#000000"}
			},
			"selected-state":
			{
				"background-color":"#E5E5E5",
				"text-font":{"color":"#000000"}
			},
			"disabled-state": 
			{
				"background-color":"#F0F0F0",
				"text-font":{"color":"#999999"}
			}
		}
	},
	"hprogressbar":
	{
		"drawing":true,
		"normal-state":
		{
			"background-color":"#BFBFBF",
			"foreground-color":"#82BEFA"
		}
	},
	"vprogressbar":
	{
		"drawing":true,
		"normal-state":
		{
			"background-color":"#BFBFBF",
			"foreground-color":"#82BEFA"
		}
	},
	"radiobutton":
	{
		"drawing":true,
		"normal-state":
		{
			"text-font":{"color":"#000000"},
			"radio-images":
			{
				"unchecked":{"file":"radiobutton-radio-normal-unchecked.png"},
				"checked":{"file":"radiobutton-radio-normal-checked.png"}
			}
		},
		"hover-state":
		{
			"text-font":{"color":"#000000"},
			"radio-images":
			{
				"unchecked":{"file":"radiobutton-radio-hover-unchecked.png"},
				"checked":{"file":"radiobutton-radio-hover-checked.png"}
			}
		},
		"pressed-state":
		{
			"text-font":{"color":"#000000"},
			"radio-images":
			{
				"unchecked":{"file":"radiobutton-radio-pressed-unchecked.png"},
				"checked":{"file":"radiobutton-radio-pressed-checked.png"}
			}
		},
		"focused-state":
		{
			"text-font":{"color":"#000000"},
			"radio-images":
			{
				"unchecked":{"file":"radiobutton-radio-focused-unchecked.png"},
				"checked":{"file":"radiobutton-radio-focused-checked.png"}
			}
		},
		"disabled-state":
		{
			"text-font":{"color":"#999999"},
			"radio-images":
			{
				"unchecked":{"file":"radiobutton-radio-disabled-unchecked.png"},
				"checked":{"file":"radiobutton-radio-disabled-checked.png"}
			}
		}
	},
	"ribbonbar":
	{
		"drawing":true,
		"popup-shadow-color":"#BFBFBF",
		"normal-state":
		{
			"background-color":"#E6E6E6"
		},
		"disabled-state":
		{
			"background-color":"#E6E6E6"
		},
		"minimized-bottomline":
		{
			"normal-state":
			{
				"color":"#CCCCCC"
			},
			"disabled-state":
			{
				"color":"#CCCCCC"
			}
		},
		"applicationbutton":
		{
				"normal-state":
				{
					"border-color":"#82BEFA",
					"background-color":"#82BEFA",
					"text-font":{"color":"#333333"}
				},
				"hover-state":
				{
					"border-color":"#A3D1FF",
					"background-color":"#A3D1FF",
					"text-font":{"color":"#333333"}
				},
				"pressed-state":
				{
					"border-color":"#69AFF4",
					"background-color":"#69AFF4",
					"text-font":{"color":"#333333"}
				},
				"disabled-state":
				{
					"border-color":"#BBD0EA",
					"background-color":"#BBD0EA",
					"text-font":{"color":"#999999"}
				}
		},
		"category":
		{
			"content":
			{
				"active-state":
				{
					"border-color":"#CCCCCC",
					"background-color":"#FAFAFA"
				},
				"disabled-state":
				{
					"border-color":"#CCCCCC",
					"background-color":"#FAFAFA"
				}
			},
			"header":
			{
				"normal-state":
				{
					"border-color":"#E6E6E6",
					"background-color":"#E6E6E6",
					"text-font":{"color":"#333333"}
				},
				"hover-state":
				{
					"border-color":"#D9D9D9",
					"background-color":"#F2F2F2",
					"text-font":{"color":"#333333"}
				},
				"pressed-state":
				{
					"border-color":"#CCCCCC",
					"background-color":"#FAFAFA",
					"text-font":{"color":"#333333"}
				},
				"active-state":
				{
					"border-color":"#CCCCCC",
					"background-color":"#FAFAFA",
					"text-font":{"color":"#333333"}
				},
				"disabled-state":
				{
					"border-color":"#E6E6E6",
					"background-color":"#E6E6E6",
					"text-font":{"color":"#999999"}
				}
			},
			"separator":
			{
				"active-state":
				{
					"color":"#CCCCCC"
				},
				"disabled-state":
				{
					"color":"#CCCCCC"
				}
			},
			"scrollbutton":
			{
				"normal-state":
				{
					"border-color":"#CCCCCC",
					"background-color":"#F0F0F0",
					"images":
					{
						"left-scroll-button":{"file":"left-scroll-button-normal.png"},
						"right-scroll-button":{"file":"right-scroll-button-normal.png"}
					}
				},
				"hover-state":
				{
					"border-color":"#CCCCCC",
					"background-color":"#E6E6E6",
					"images":
					{
						"left-scroll-button":{"file":"left-scroll-button-normal.png"},
						"right-scroll-button":{"file":"right-scroll-button-normal.png"}
					}
				},
				"pressed-state":
				{
					"border-color":"#B3B3B3",
					"background-color":"#D9D9D9",
					"images":
					{
						"left-scroll-button":{"file":"left-scroll-button-normal.png"},
						"right-scroll-button":{"file":"right-scroll-button-normal.png"}
					}
				},
				"disabled-state":
				{
					"border-color":"#CCCCCC",
					"background-color":"#F0F0F0",
					"images":
					{
						"left-scroll-button":{"file":"left-scroll-button-disabled.png"},
						"right-scroll-button":{"file":"right-scroll-button-disabled.png"}
					}
				}
			}
		},
		"panel":
		{
			"normal-state":
			{
				"border-color":"#CCCCCC",
				"background-color":"#FAFAFA",
				"text-font":{"color":"#666666"}
			},
			"disabled-state":
			{
				"border-color":"#CCCCCC",
				"background-color":"#FAFAFA",
				"text-font":{"color":"#999999"}
			},
			"button":
			{
				"normal-state":
				{
					"border-color":"#FAFAFA",
					"background-color":"#FAFAFA",
					"text-font":{"color":"#333333"},
					"arrow-image":{"file":"dropdown-arrow-normal.png"}
				},
				"hover-state":
				{
					"border-color":"#CCCCCC",
					"background-color":"#E6E6E6",
					"text-font":{"color":"#333333"},
					"arrow-image":{"file":"dropdown-arrow-normal.png"}
				},
				"pressed-state":
				{
					"border-color":"#B3B3B3",
					"background-color":"#D9D9D9",
					"text-font":{"color":"#333333"},
					"arrow-image":{"file":"dropdown-arrow-normal.png"}
				},
				"disabled-state":
				{
					"border-color":"#FAFAFA",
					"background-color":"#FAFAFA",
					"text-font":{"color":"#999999"},
					"arrow-image":{"file":"dropdown-arrow-disabled.png"}
				}
			}
		},
		"checkbox":
		{
			"normal-state":
			{
				"background-color":"#FAFAFA",
				"text-font":{"color":"#333333"},
				"box-images":
				{
					"unchecked":{"file":"checkbox-box-normal-unchecked.bmp"},
					"checked":{"file":"checkbox-box-normal-checked.bmp"},
					"indeterminate":{"file":"checkbox-box-normal-indeterminate.bmp"}
				}
			},
			"hover-state":
			{
				"background-color":"#FAFAFA",
				"text-font":{"color":"#333333"},
				"box-images":
				{
					"unchecked":{"file":"checkbox-box-hover-unchecked.bmp"},
					"checked":{"file":"checkbox-box-hover-checked.bmp"},
					"indeterminate":{"file":"checkbox-box-hover-indeterminate.bmp"}
				}
			},
			"pressed-state":
			{
				"background-color":"#FAFAFA",
				"text-font":{"color":"#333333"},
				"box-images":
				{
					"unchecked":{"file":"checkbox-box-pressed-unchecked.bmp"},
					"checked":{"file":"checkbox-box-pressed-checked.bmp"},
					"indeterminate":{"file":"checkbox-box-pressed-indeterminate.bmp"}
				}
			},
			"disabled-state":
			{
				"background-color":"#FAFAFA",
				"text-font":{"color":"#999999"},
				"box-images":
				{
					"unchecked":{"file":"checkbox-box-disabled-unchecked.bmp"},
					"checked":{"file":"checkbox-box-disabled-checked.bmp"},
					"indeterminate":{"file":"checkbox-box-disabled-indeterminate.bmp"}
				}
			}
		},
		"combobox":
		{
			"normal-state":
			{
				"background-color":"#FAFAFA"
			},
			"disabled-state":
			{
				"background-color":"#FAFAFA"
			},
			"label":
			{
				"normal-state":
				{
					"text-font":{"color":"#333333"}
				},
				"disabled-state":
				{
					"text-font":{"color":"#999999"}
				}
			},
			"dropdownlist":
			{
				"normal-state":
				{
					"border-color":"#999999",
					"background-color":"#FAFAFA",
					"arrow-image":{"file":"dropdown-arrow-normal.png"}
				},
				"hover-state":
				{
					"border-color":"#0078D7",
					"background-color":"#E6E6E6",
					"arrow-image":{"file":"dropdown-arrow-normal.png"}
				},
				"pressed-state":
				{
					"border-color":"#999999",
					"background-color":"#CCCCCC",
					"arrow-image":{"file":"dropdown-arrow-normal.png"}
				},
				"focused-state":
				{
					"border-color":"#999999",
					"background-color":"#E6E6E6",
					"arrow-image":{"file":"dropdown-arrow-normal.png"}
				},
				"disabled-state":
				{
					"border-color":"#E6E6E6",
					"background-color":"#FFFFFF",
					"arrow-image":{"file":"dropdown-arrow-disabled.png"}
				},
				"edit":
				{
					"normal-state":
					{
						"background-color":"#FFFFFF",
						"text-font":{"color":"#333333"}
					},
					"hover-state":
					{
						"background-color":"#FFFFFF",
						"text-font":{"color":"#333333"}
					},
					"pressed-state":
					{
						"background-color":"#FFFFFF",
						"text-font":{"color":"#333333"}
					},
					"focused-state":
					{
						"background-color":"#FFFFFF",
						"text-font":{"color":"#333333"}
					},
					"disabled-state":
					{
						"background-color":"#FFFFFF",
						"text-font":{"color":"#999999"}
					}
				},
				"dropdown":
				{
					"border-color":"#CCCCCC",
					"normal-state":
					{
						"background-color":"#FFFFFF",
						"text-font":{"color":"#333333"}
					},
					"hover-state":
					{
						"background-color":"#F2F2F2",
						"text-font":{"color":"#333333"}
					},
					"disabled-state":
					{
						"background-color":"#FFFFFF",
						"text-font":{"color":"#999999"}
					}
				}
			}
		},
		"largebutton":
		{
			"normal-state":
			{
				"border-color":"#FAFAFA",
				"background-color":"#FAFAFA",
				"text-font":{"color":"#333333"},
				"arrow-image":{"file":"dropdown-arrow-normal.png"}
			},
			"hover-state":
			{
				"border-color":"#CCCCCC",
				"background-color":"#E6E6E6",
				"text-font":{"color":"#333333"},
				"arrow-image":{"file":"dropdown-arrow-normal.png"}
			},
			"checked-state":
			{
				"border-color":"#CCCCCC",
				"background-color":"#E6E6E6",
				"text-font":{"color":"#333333"},
				"arrow-image":{"file":"dropdown-arrow-normal.png"}
			},
			"pressed-state":
			{
				"border-color":"#B3B3B3",
				"background-color":"#D9D9D9",
				"text-font":{"color":"#333333"},
				"arrow-image":{"file":"dropdown-arrow-normal.png"}
			},
			"disabled-state":
			{
				"border-color":"#FAFAFA",
				"background-color":"#FAFAFA",
				"text-font":{"color":"#999999"},
				"arrow-image":{"file":"dropdown-arrow-disabled.png"}
			}
		},
		"menu":
		{
			"border-color":"#CCCCCC",
			"background-color":"#FFFFFF",
			"item":
			{
				"normal-state":
				{
					"border-color":"#FFFFFF",
					"background-color":"#FFFFFF",
					"text-font":{"color":"#333333"},
					"arrow-image":{"file":"right.png"}
				},
				"hover-state":
				{
					"border-color":"#CCCCCC",
					"background-color":"#E6E6E6",
					"text-font":{"color":"#333333"},
					"arrow-image":{"file":"right.png"}
				},
				"checked-state":
				{
					"border-color":"#B3B3B3",
					"background-color":"#D9D9D9"
				},
				"pressed-state":
				{
					"border-color":"#B3B3B3",
					"background-color":"#D9D9D9",
					"text-font":{"color":"#333333"},
					"arrow-image":{"file":"right.png"}
				},
				"disabled-state":
				{
					"border-color":"#FFFFFF",
					"background-color":"#FFFFFF",
					"text-font":{"color":"#999999"},
					"arrow-image":{"file":"right-disable.png"}
				}
			}
		},
		"smallbutton":
		{
			"normal-state":
			{
				"border-color":"#FAFAFA",
				"background-color":"#FAFAFA",
				"text-font":{"color":"#333333"},
				"arrow-image":{"file":"dropdown-arrow-normal.png"}
			},
			"hover-state":
			{
				"border-color":"#CCCCCC",
				"background-color":"#E6E6E6",
				"text-font":{"color":"#333333"},
				"arrow-image":{"file":"dropdown-arrow-normal.png"}
			},
			"checked-state":
			{
				"border-color":"#CCCCCC",
				"background-color":"#E6E6E6",
				"text-font":{"color":"#333333"},
				"arrow-image":{"file":"dropdown-arrow-normal.png"}
			},
			"pressed-state":
			{
				"border-color":"#B3B3B3",
				"background-color":"#D9D9D9",
				"text-font":{"color":"#333333"},
				"arrow-image":{"file":"dropdown-arrow-normal.png"}
			},
			"disabled-state":
			{
				"border-color": "#FAFAFA",
				"background-color":"#FAFAFA",
				"text-font":{"color":"#999999"},
				"arrow-image":{"file":"dropdown-arrow-disabled.png"}
			}
		},
		"tabbutton":
		{
			"normal-state":
			{
				"border-color":"#E6E6E6",
				"background-color":"#E6E6E6",
				"text-font":{"color":"#333333"},
				"arrow-image":{"file":"dropdown-arrow-normal.png"}
			},
			"hover-state":
			{
				"border-color":"#CCCCCC",
				"background-color":"#F2F2F2",
				"text-font":{"color":"#333333"},
				"arrow-image":{"file":"dropdown-arrow-normal.png"}
			},
			"checked-state":
			{
				"border-color":"#CCCCCC",
				"background-color":"#E6E6E6",
				"text-font":{"color":"#333333"},
				"arrow-image":{"file":"dropdown-arrow-normal.png"}
			},
			"pressed-state":
			{
				"border-color":"#B3B3B3",
				"background-color":"#D9D9D9",
				"text-font":{"color":"#333333"},
				"arrow-image":{"file":"dropdown-arrow-normal.png"}
			},
			"disabled-state":
			{
				"border-color":"#E6E6E6",
				"background-color":"#E6E6E6",
				"text-font":{"color":"#999999"},
				"arrow-image":{"file":"dropdown-arrow-disabled.png"}
			}
		},
		"tooltip":
		{
			"background-color":"#FAFAFA",
			"border-color":"#CCCCCC",
			"text-font":{"color":"#333333"}
		}
	},
	"richtextedit":
	{
		"drawing":true,
		"normal-state":
		{
			"border-color":"#B3B3B3"
		},
		"hover-state":
		{
			"border-color":"#B3B3B3"
		},
		"focused-state":
		{
			"border-color":"#B3B3B3"
		},
		"disabled-state":
		{
			"border-color":"#CCCCCC"
		}
	},
	"hscrollbar":
	{
		"drawing":true,
		"groove":
		{
			"height":14,
			"normal-state":
			{
				"background-color":"#CCCCCC"
			},
			"disabled-state":
			{
				"background-color":"#CCCCCC"
			}
		},
		"thumb":
		{
			"normal-state":
			{
				"background-color":"#B3B3B3"
			},
			"hover-state":
			{
				"background-color":"#8C8C8C"
			},
			"pressed-state":
			{
				"background-color":"#666666"
			},
			"disabled-state":
			{
				"background-color":"#B3B3B3"
			}
		},
		"sizebox":
		{
			"normal-state":
			{
				"background-color":"#CCCCCC"
			},
			"disabled-state":
			{
				"background-color":"#CCCCCC"
			}
		},
		"arrow":
		{
			"normal-state":
			{
				"images":
				{
					"left-button":{"file":"hscrollbar-left-button-normal.bmp"},
					"right-button":{"file":"hscrollbar-right-button-normal.bmp"}
				}
			},
			"hover-state":
			{
				"images":
				{
					"left-button":{"file":"hscrollbar-left-button-hover.bmp"},
					"right-button":{"file":"hscrollbar-right-button-hover.bmp"}
				}
			},
			"pressed-state":
			{
				"images":
				{
					"left-button":{"file":"hscrollbar-left-button-pressed.bmp"},
					"right-button":{"file":"hscrollbar-right-button-pressed.bmp"}
				}
			},
			"disabled-state":
			{
				"images":
				{
					"left-button":{"file":"hscrollbar-left-button-disabled.bmp"},
					"right-button":{"file":"hscrollbar-right-button-disabled.bmp"}
				}
			}
		}
	},
	"vscrollbar":
	{
		"drawing":true,
		"groove":
		{
			"width":14,
			"normal-state":
			{
				"background-color":"#CCCCCC"
			},
			"disabled-state":
			{
				"background-color":"#CCCCCC"
			}
		},
		"thumb":
		{
			"normal-state":
			{
				"background-color":"#B3B3B3"
			},
			"hover-state":
			{
				"background-color":"#8C8C8C"
			},
			"pressed-state":
			{
				"background-color":"#666666"
			},
			"disabled-state":
			{
				"background-color":"#B3B3B3"
			}
		},
		"sizebox":
		{
			"normal-state":
			{
				"background-color":"#CCCCCC"
			},
			"disabled-state":
			{
				"background-color":"#CCCCCC"
			}
		},
		"arrow":
		{
			"normal-state":
			{
				"images":
				{
					"top-button":{"file":"vscrollbar-top-button-normal.bmp"},
					"bottom-button":{"file":"vscrollbar-bottom-button-normal.bmp"}
				}
			},
			"hover-state":
			{
				"images":
				{
					"top-button":{"file":"vscrollbar-top-button-hover.bmp"},
					"bottom-button":{"file":"vscrollbar-bottom-button-hover.bmp"}
				}
			},
			"pressed-state":
			{
				"images":
				{
					"top-button":{"file":"vscrollbar-top-button-pressed.bmp"},
					"bottom-button":{"file":"vscrollbar-bottom-button-pressed.bmp"}
				}
			},
			"disabled-state":
			{
				"images":
				{
					"top-button":{"file":"vscrollbar-top-button-disabled.bmp"},
					"bottom-button":{"file":"vscrollbar-bottom-button-disabled.bmp"}
				}
			}
		}
	},
	"singlelineedit":
	{
		"drawing":true,
		"normal-state":
		{
			"border-color":"#B3B3B3",
			"background-color":"#FFFFFF",
			"text-font":{"color":"#000000"}
		},
		"hover-state":
		{
			"border-color":"#666666",
			"background-color":"#FFFFFF",
			"text-font":{"color":"#000000"}
		},
		"focused-state":
		{
			"border-color":"#0078D7",
			"background-color":"#FFFFFF",
			"text-font":{"color":"#000000"}
		},
		"disabled-state":
		{
			"border-color":"#CCCCCC",
			"background-color":"#F0F0F0"
		},
		"placeholder":
		{
			"text-font":{"color":"#808080"}
		}
	},
	"statichyperlink":
	{
		"drawing":true,
		"border":0,
		"background-transparent":true,
		"normal-state":
		{
			"background-color":"#E6E6E6",
			"text-font":{"color":"#0060ac"}
		},
		"disabled-state":
		{
			"background-color":"#E6E6E6",
			"text-font":{"color":"#AAB9C8"}
		}
	},
	"statictext":
	{
		"drawing":true,
		"border":0,
		"background-transparent":true,
		"normal-state":
		{
			"background-color":"#E6E6E6",
			"text-font":{"color":"#000000"}
		},
		"disabled-state":
		{
			"background-color":"#E6E6E6",
			"text-font":{"color":"#999999"}
		}
	},
	"tab":
	{
		"drawing":true,
		"background-color":"#E6E6E6",
		"navigator":
		{
			"normal-state":
			{
				"background-color":"#E6E6E6",
				"text-font":{"color":"#000000"}
			},
			"hover-state":
			{
				"background-color":"#CCCCCC",
				"text-font":{"color":"#000000"}
			},
			"focused-state":
			{
				"background-color":"#B3B3B3",
				"text-font":{"color":"#000000"}
			},
			"selected-state":
			{
				"background-color":"#B3B3B3",
				"text-font":{"color":"#000000"}
			},
			"disabled-state":
			{
				"background-color":"#E6E6E6",
				"text-font":{"color":"#999999"}
			}
		},
		"page":
		{
			"border-color":"#B3B3B3",
			"separator-width":2,
			"separator-color":"#B3B3B3",
			"background-color":"#E6E6E6"
		},
		"spin":
		{
			"normal-state":
			{
				"images":
				{
					"top-button":{"file":"tab-spin-top-button-normal.bmp"},
					"bottom-button":{"file":"tab-spin-bottom-button-normal.bmp"},
					"left-button":{"file":"tab-spin-left-button-normal.bmp"},
					"right-button":{"file":"tab-spin-right-button-normal.bmp"}
				}
			},
			"hover-state":
			{
				"images":
				{
					"top-button":{"file":"tab-spin-top-button-hover.bmp"},
					"bottom-button":{"file":"tab-spin-bottom-button-hover.bmp"},
					"left-button":{"file":"tab-spin-left-button-hover.bmp"},
					"right-button":{"file":"tab-spin-right-button-hover.bmp"}
				}
			},
			"pressed-state":
			{
				"images":
				{
					"top-button":{"file":"tab-spin-top-button-pressed.bmp"},
					"bottom-button":{"file":"tab-spin-bottom-button-pressed.bmp"},
					"left-button":{"file":"tab-spin-left-button-pressed.bmp"},
					"right-button":{"file":"tab-spin-right-button-pressed.bmp"}
				}
			},
			"disabled-state":
			{
				"images":
				{
					"top-button":{"file":"tab-spin-top-button-disabled.bmp"},
					"bottom-button":{"file":"tab-spin-bottom-button-disabled.bmp"},
					"left-button":{"file":"tab-spin-left-button-disabled.bmp"},
					"right-button":{"file":"tab-spin-right-button-disabled.bmp"}
				}
			}
		}
	},
	"htrackbar":
	{
		"drawing":true,
		"normal-state":
		{
			"background-color":"#E6E6E6"
		},
		"slider":
		{
			"normal-state":
			{
				"foreground-color":"#82BEFA",
				"background-color":"#BFBFBF"
			}
		},
		"thumb":
		{
			"normal-state":
			{
				"images":
				{
					"top-thumb":{"file":"htrackbar-top-thumb-normal.png"},
					"bottom-thumb":{"file":"htrackbar-bottom-thumb-normal.png"},
					"both-thumb":{"file":"htrackbar-both-thumb-normal.png"}
				}
			},
			"hover-state":
			{
				"images":
				{
					"top-thumb":{"file":"htrackbar-top-thumb-hover.png"},
					"bottom-thumb":{"file":"htrackbar-bottom-thumb-hover.png"},
					"both-thumb":{"file":"htrackbar-both-thumb-hover.png"}
				}
			},
			"pressed-state":
			{
				"images":
				{
					"top-thumb":{"file":"htrackbar-top-thumb-pressed.png"},
					"bottom-thumb":{"file":"htrackbar-bottom-thumb-pressed.png"},
					"both-thumb":{"file":"htrackbar-both-thumb-pressed.png"}
				}
			}
		}
	},
	"vtrackbar":
	{
		"drawing":true,
		"normal-state":
		{
			"background-color":"#E6E6E6"
		},
		"slider":
		{
			"normal-state":
			{
				"foreground-color":"#82BEFA",
				"background-color":"#BFBFBF"
			}
		},
		"thumb":
		{
			"normal-state":
			{
				"images":
				{
					"left-thumb":{"file":"vtrackbar-left-thumb-normal.png"},
					"right-thumb":{"file":"vtrackbar-right-thumb-normal.png"},
					"both-thumb":{"file":"vtrackbar-both-thumb-normal.png"}
				}
			},
			"hover-state":
			{
				"images":
				{
					"left-thumb":{"file":"vtrackbar-left-thumb-hover.png"},
					"right-thumb":{"file":"vtrackbar-right-thumb-hover.png"},
					"both-thumb":{"file":"vtrackbar-both-thumb-hover.png"}
				}
			},
			"pressed-state":
			{
				"images":
				{
					"left-thumb":{"file":"vtrackbar-left-thumb-pressed.png"},
					"right-thumb":{"file":"vtrackbar-right-thumb-pressed.png"},
					"both-thumb":{"file":"vtrackbar-both-thumb-pressed.png"}
				}
			}
		}
	},
	"treeview":
	{
		"drawing":true,
		"normal-state":
		{
			"border-color":"#B3B3B3",
			"background-color":"#FFFFFF"
		},
		"hover-state": 
		{
			"border-color":"#B3B3B3",
			"background-color":"#FFFFFF"
		},
		"disabled-state":
		{
			"border-color":"#CCCCCC",
			"background-color":"#F0F0F0"
		},
		"item":
		{
			"normal-state":
			{
				"background-color":"#FFFFFF",
				"text-font":{"color":"#000000"}
			},
			"hover-state":
			{
				"background-color":"#F2F2F2",
				"text-font":{"color":"#000000"}
			},
			"selected-state":
			{
				"background-color":"#E5E5E5",
				"text-font":{"color":"#000000"}
			},
			"disabled-state": 
			{
				"background-color":"#F0F0F0",
				"text-font":{"color":"#999999"}
			}
		},
		"checkbox":
		{
			"normal-state":
			{
				"images":
				{
					"unchecked":{"file":"treeview-checkbox-unchecked.ico"},
					"checked":{"file":"treeview-checkbox-checked.ico"}
				}
			}
		},
		"button":
		{
			"normal-state":
			{
				"images":
				{
					"unexpanded":{"file":"treeview-button-unexpanded.png"},
					"expanded":{"file":"treeview-button-expanded.png"}
				}
			}
		}
	},
	"userobject":
	{
		"drawing":true,
		"default-style":true,
		"normal-state":
		{
			"background-color":"#E6E6E6",
			"border-color":"#B3B3B3"
		},
		"disabled-state":
		{
			"background-color":"#E6E6E6",
			"border-color":"#CCCCCC"
		}
	},
	"webbrowser":
	{
		"drawing":true,
		"normal-state":
		{
			"border-color":"#B3B3B3"
		}
	},
  	"window": 
	{
    		"drawing":true,
    		"background-color":"#E6E6E6",
    		"title":
		{
      			"active-state":
			{
				"background-color":"#E6E6E6",
        			"text-font":{"color":"#000000"}
      			},
      			"inactive-state":
			{
				"background-color":"#E6E6E6",
        			"text-font":{"color":"#999999"}
      			}
    		},
		"statusbar":
		{
			"background-color":"#CCCCCC",
			"text-font":{"color":"#000000"}
		},
    		"border":
		{
			"margin":[1,30,1,1],
			"active-state": 
			{
				"border-color":"#B3B3B3"
			},
      			"inactive-state":
			{
				"border-color":"#CCCCCC"
			}
		},
    		"mdiclient": 
		{
      			"background-color": "#999999"
    		},
    		"min-button": 
		{
      			"normal-state": 
			{
        			"button-image": { "file": "window-min-button-normal.bmp" }
      			},
      			"hover-state": 
			{
        			"button-image": { "file": "window-min-button-hover.bmp" }
      			},
      			"pressed-state": 
			{
        			"button-image": { "file": "window-min-button-pressed.bmp" }
      			},
      			"disabled-state": 
			{
        			"button-image": { "file": "window-min-button-disabled.bmp" }
      			},
      			"inactive-state": 
			{
        			"button-image": { "file": "window-min-button-inactive.bmp" }
      			}
    		},
    		"max-button": 
		{
      			"normal-state": 
			{
        			"button-image": { "file": "window-max-button-normal.bmp" }
      			},
      			"hover-state": 
			{
        			"button-image": { "file": "window-max-button-hover.bmp" }
      			},
      			"pressed-state": 
			{
       	 			"button-image": { "file": "window-max-button-pressed.bmp" }
      			},
      			"disabled-state": 
			{
        			"button-image": { "file": "window-max-button-disabled.bmp" }
      			},
      			"inactive-state": 
			{
        			"button-image": { "file": "window-max-button-inactive.bmp" }
      			}
    		},
    		"restore-button": 
		{
      			"normal-state": 
			{
        			"button-image": { "file": "window-restore-button-normal.bmp" }
      			},
      			"hover-state": 
			{
        			"button-image": { "file": "window-restore-button-hover.bmp" }
      			},
      			"pressed-state": 
			{
        			"button-image": { "file": "window-restore-button-pressed.bmp" }
      			},
      			"disabled-state": 
			{
        			"button-image": { "file": "window-restore-button-disabled.bmp" }
      			},
      			"inactive-state": 
			{
        			"button-image": { "file": "window-restore-button-inactive.bmp" }
     			}
    		},
    		"close-button": 
		{
      			"normal-state": 
			{
        			"button-image": { "file": "window-close-button-normal.bmp" }
      			},
      			"hover-state": 
			{
        			"button-image": { "file": "window-close-button-hover.bmp" }
      			},
      			"pressed-state": 
			{
        			"button-image": { "file": "window-close-button-pressed.bmp" }
      			},
      			"disabled-state": 
			{
        			"button-image": { "file": "window-close-button-disabled.bmp" }
      			},
      			"inactive-state": 
			{
        			"button-image": { "file": "window-close-button-inactive.bmp" }
      			}
    		},
    		"help-button": 
		{
      			"normal-state": 
			{
        			"button-image": { "file": "window-help-button-normal.bmp" }
      			},
      			"hover-state": 
			{
        			"button-image": { "file": "window-help-button-hover.bmp" }
      			},
      			"pressed-state": 
			{
        			"button-image": { "file": "window-help-button-pressed.bmp" }
      			},
      			"disabled-state": 
			{
        			"button-image": { "file": "window-help-button-disabled.bmp" }
      			},
      			"inactive-state": 
			{
        			"button-image": { "file": "window-help-button-inactive.bmp" }
      			}
    		}
  	}
}
