{
	"meta-info":
	{
		"version":"190"
	},
	"u_searchbox":
	{
		"drawing":true,
		"default-style":true,
		"normal-state":
		{
			"background-color":"#2E2E2E",
			"border-color":"#2E2E2E"
		},
		"disabled-state":
		{
			"background-color":"#2E2E2E",
			"border-color":"#2E2E2E"
		}
	},
	"u_searchbox.sle_search":
	{
		"drawing":true,
		"normal-state":
		{
			"border-color":"#2E2E2E",
			"background-color":"#2E2E2E",
			"text-font":{"color":"#CCCCCC"}
		},
		"hover-state":
		{
			"border-color":"#2E2E2E",
			"background-color":"#2E2E2E",
			"text-font":{"color":"#CCCCCC"}
		},
		"focused-state":
		{
			"border-color":"#2E2E2E",
			"background-color":"#2E2E2E",
			"text-font":{"color":"#CCCCCC"}
		},
		"disabled-state":
		{
			"border-color":"#2E2E2E",
			"background-color":"#2E2E2E"
		}
	},
	"w_product.uo_1.tab_1.tabpage_1.uo_search.sle_search":
	{
		"drawing":true,
		"normal-state":
		{
			"border-color":"#2E2E2E",
			"background-color":"#2E2E2E",
			"text-font":{"color":"#0090FF"}
		},
		"hover-state":
		{
			"border-color":"#2E2E2E",
			"background-color":"#2E2E2E",
			"text-font":{"color":"#0090FF"}
		},
		"focused-state":
		{
			"border-color":"#2E2E2E",
			"background-color":"#2E2E2E",
			"text-font":{"color":"#0090FF"}
		},
		"placeholder":
		{
			"text-font":{"color":"#465064"}
		}
	}

}
